city,year,weekofyear,week_start_date,ndvi_ne,ndvi_nw,ndvi_se,ndvi_sw,reanalysis_air_temp_k,reanalysis_avg_temp_k,reanalysis_dew_point_temp_k,reanalysis_max_air_temp_k,reanalysis_precip_amt_kg_per_m2,reanalysis_relative_humidity_percent,reanalysis_sat_precip_amt_mm,reanalysis_tdtr_k,station_avg_temp_c,station_diur_temp_rng_c,station_max_temp_c,station_min_temp_c,station_precip_mm
iq,2000,26,2000-07-01,0.19288570000000002,0.13225710000000002,0.3408857,0.2472,296.74,298.45,295.184285714,307.3,43.19,92.4185714286,25.41,8.92857142857,26.4,10.775,32.5,20.7,3.0
iq,2000,27,2000-07-08,0.2168333,0.2761,0.28945709999999997,0.24165709999999999,296.63428571400004,298.428571429,295.358571429,306.6,46.0,93.5814285714,60.61,10.314285714299999,26.9,11.566666666700002,34.0,20.8,55.6
iq,2000,28,2000-07-15,0.1767571,0.1731286,0.20411429999999997,0.1280143,296.41571428599997,297.392857143,295.622857143,304.5,64.77,95.84857142860001,55.52,7.385714285710001,26.8,11.4666666667,33.0,20.7,38.1
iq,2000,29,2000-07-22,0.2277286,0.14542860000000002,0.2542,0.20031429999999997,295.357142857,296.228571429,292.797142857,303.6,23.96,87.2342857143,5.6,9.114285714289998,25.7666666667,10.5333333333,31.5,14.7,30.0
iq,2000,30,2000-07-29,0.3286429,0.3221286,0.25437139999999997,0.3610429,296.432857143,297.635714286,293.957142857,307.0,31.8,88.1614285714,62.76,9.5,26.6,11.48,33.3,19.1,4.0
iq,2000,31,2000-08-05,0.2055286,0.1907571,0.2316714,0.2553143,297.19142857099996,298.285714286,291.72571428599997,306.2,1.0,74.72857142859999,16.24,13.771428571400001,25.34,10.94,32.0,17.0,11.5
iq,2000,32,2000-08-12,0.3124857,0.3299857,0.38058569999999997,0.38727140000000004,297.32,298.978571429,293.821428571,308.8,26.68,83.27571428569999,89.37,11.4714285714,27.0166666667,11.65,34.0,19.9,72.9
iq,2000,33,2000-08-19,0.3841333,0.39224000000000003,0.34178000000000003,0.38275,297.627142857,299.335714286,293.992857143,307.9,16.9,82.49,42.08,13.7,26.5833333333,10.3166666667,33.0,20.5,50.1
iq,2000,34,2000-08-26,0.4081571,0.3221571,0.40671430000000003,0.3027143,298.238571429,299.571428571,292.904285714,310.1,5.59,74.74,49.22,13.771428571400001,26.9,13.4,34.0,19.0,89.2
iq,2000,35,2000-09-02,0.33204290000000003,0.3210571,0.3146143,0.32425709999999996,299.218571429,300.928571429,293.472857143,310.5,16.07,74.1514285714,53.65,12.457142857100001,27.116666666700002,12.2666666667,34.0,20.0,78.0
iq,2000,36,2000-09-09,0.2955857,0.2956833,0.3122143,0.26592859999999996,300.802857143,301.935714286,290.635714286,312.8,2.5,57.7871428571,23.12,14.9,28.366666666700002,12.9,35.8,21.7,56.9
iq,2000,37,2000-09-16,0.2846571,0.3097571,0.3878833,0.3281571,299.858571429,301.37142857099997,293.64,310.7,4.1,71.66,34.62,13.857142857100001,27.425,12.775,34.5,20.5,18.9
iq,2000,38,2000-09-23,0.3488143,0.2957167,0.4048429,0.2425714,297.435714286,298.51428571400004,292.707142857,310.2,3.2,77.4871428571,97.55,11.3142857143,27.5333333333,12.566666666700002,36.0,20.5,104.2
iq,2000,39,2000-09-30,0.17568570000000003,0.09948333,0.2257143,0.18278570000000002,299.35571428599997,300.885714286,293.217142857,310.8,2.6,71.4628571429,95.89,14.9428571429,27.15,12.175,34.0,20.5,57.9
iq,2000,40,2000-10-07,0.33754,0.2769429,0.2775,0.25505,298.372857143,300.5,294.664285714,309.8,16.6,82.3714285714,46.22,11.9714285714,26.7,11.675,34.0,20.0,63.0
iq,2000,41,2000-10-14,0.22353330000000002,0.1339143,0.3498,0.1009167,298.474285714,300.285714286,294.592857143,309.2,21.9,81.5228571429,31.1,13.485714285699999,27.657142857100002,11.3,34.0,21.0,3.0
iq,2000,42,2000-10-21,0.2748,0.1870571,0.3739429,0.27947140000000004,299.211428571,301.15,294.007142857,311.8,9.9,75.54,25.21,14.9285714286,27.775,12.275,36.0,21.0,45.2
iq,2000,43,2000-10-28,0.3673,0.30555,0.45538,0.3258,299.541428571,301.1,294.708571429,310.2,23.3,76.94142857140001,49.25,13.457142857100001,28.0,12.4666666667,34.6,20.0,57.9
iq,2000,44,2000-11-04,0.2951,0.21151999999999999,0.3044,0.2796167,299.44,300.821428571,295.27428571400003,312.2,20.2,79.4285714286,67.64,13.328571428599998,27.6,12.333333333299999,35.5,21.1,7.1
iq,2000,45,2000-11-11,0.2713667,0.15156670000000003,0.34725,0.23186669999999998,300.74857142900004,301.80714285700003,295.28,310.4,19.2,74.8028571429,51.83,12.871428571400001,28.175,12.25,35.2,21.5,13.5
iq,2000,46,2000-11-18,0.09993333,0.03586,0.1954857,0.06418333,301.637142857,302.614285714,294.232857143,311.8,3.6,67.1857142857,39.25,13.371428571400001,29.025,13.1,36.4,21.7,0.0
iq,2000,47,2000-11-25,0.16998329999999998,0.2893,0.3009833,0.1709167,300.872857143,301.914285714,293.06,311.1,11.2,66.0428571429,55.91,13.142857142899999,27.7,11.35,36.5,21.5,39.32635983263598
iq,2000,48,2000-12-02,0.2519714,0.2538,0.3235143,0.3191,299.23,301.26428571400004,294.717142857,310.0,14.5,78.88571428569999,20.65,12.014285714300001,27.05,11.575,34.2,21.0,19.0
iq,2000,49,2000-12-09,0.1658333,0.18241429999999997,0.2545667,0.18625,300.242857143,301.028571429,293.305714286,312.2,1.7,68.5571428571,24.53,15.457142857100001,28.0,12.0,34.0,22.0,0.8
iq,2000,50,2000-12-16,0.3387857,0.31682859999999996,0.3503429,0.2977,298.757142857,300.342857143,294.52,311.4,48.76,80.4085714286,111.06,11.9714285714,26.616666666700002,9.65,33.8,21.0,67.2
iq,2000,51,2000-12-23,0.2650143,0.16905710000000002,0.23486669999999998,0.3022429,300.411428571,302.0,291.092857143,311.2,5.7,60.641428571400006,3.9,13.0,28.2,12.2833333333,35.0,21.0,0.0
iq,2001,1,2001-01-01,0.2547143,0.2285286,0.2505857,0.287,297.958571429,298.98571428599996,296.99,305.5,64.6,94.9557142857,59.11,6.94285714286,27.3333333333,11.0,33.3,21.8,38.9
iq,2001,2,2001-01-08,0.3021333,0.20351670000000002,0.2674333,0.27399999999999997,298.044285714,299.414285714,294.345714286,309.8,22.98,82.3471428571,69.85,11.0857142857,27.0,11.225,33.2,20.7,59.9
iq,2001,3,2001-01-15,0.17475710000000003,0.1033167,0.2582429,0.1767286,298.36857142900004,300.23571428599996,295.06142857099996,308.7,24.92,84.1757142857,149.71,11.014285714300001,27.05,10.9,33.0,20.5,52.0
iq,2001,4,2001-01-22,0.2376,0.1912667,0.12585710000000003,0.2314429,295.722857143,296.671428571,294.594285714,301.8,88.03,94.05714285709999,50.02,5.62857142857,25.7166666667,9.433333333330001,31.2,20.0,166.9
iq,2001,5,2001-01-29,0.3415,0.2606667,0.3293857,0.36907140000000005,295.297142857,296.1,294.411428571,302.2,80.95,95.40714285709998,87.18,5.1428571428600005,26.4333333333,9.666666666669999,33.0,20.0,147.8
iq,2001,6,2001-02-05,0.2335857,0.161,0.1966143,0.2267,295.511428571,296.12857142900003,293.408571429,303.6,16.4,89.08,31.93,6.17142857143,27.35,10.025,34.2,21.7,3.3
iq,2001,7,2001-02-12,0.15541429999999998,0.13501670000000002,0.1485286,0.1571,295.37,296.492857143,294.43857142900004,304.4,37.96,94.8842857143,66.84,6.04285714286,26.3,8.95,33.0,21.0,83.1
iq,2001,8,2001-02-19,0.1353714,0.0823,0.12975710000000001,0.18404289999999998,296.07,296.978571429,294.73,304.4,34.18,92.84285714290002,16.17,7.585714285710001,26.9333333333,10.0,33.2,21.0,38.1
iq,2001,9,2001-02-26,0.30764,0.2282167,0.2245,0.2912833,297.038571429,298.30714285700003,295.767142857,305.1,26.96,93.3142857143,47.14,7.385714285710001,26.56,9.48,33.2,20.5,21.1
iq,2001,10,2001-03-05,0.18204289999999998,0.289,0.20687139999999998,0.2063286,297.61857142900004,298.69285714299997,296.46,305.8,83.89,94.09285714290002,118.07,6.58571428571,27.2,10.15,33.3,20.0,87.1
iq,2001,11,2001-03-12,0.20538330000000002,0.1769,0.2063571,0.2041286,296.79,298.12857142900003,295.544285714,309.3,195.2,94.0942857143,74.34,8.28571428571,27.05,12.1,34.2,20.0,39.9
iq,2001,12,2001-03-19,0.18834289999999998,0.1950333,0.1635429,0.28414290000000003,298.701428571,299.75,295.157142857,309.7,32.6,82.80142857140001,90.35,10.6142857143,27.4333333333,11.433333333299998,34.1,20.0,70.8
iq,2001,13,2001-03-26,0.16238,0.15081670000000003,0.09465714,0.13225710000000002,296.852857143,297.6,296.078571429,303.2,304.52,95.9242857143,94.06,6.2,27.05,10.95,34.2,20.0,80.0
iq,2001,14,2001-04-02,0.2678143,0.3126429,0.2615,0.2584,296.305714286,297.828571429,295.695714286,305.5,91.43,96.7371428571,86.46,6.65714285714,27.16,10.98,35.0,20.5,46.2
iq,2001,15,2001-04-09,0.3827571,0.37097140000000006,0.3438857,0.37627140000000003,297.17571428599996,298.3,296.13,305.5,110.1,94.6028571429,80.82,6.77142857143,26.46,11.66,34.0,19.5,120.1
iq,2001,16,2001-04-16,0.3125429,0.28221430000000003,0.2621286,0.4074857,297.062857143,298.15,295.98571428599996,305.1,120.32,94.6157142857,77.73,7.5,27.34,11.04,33.5,20.4,45.3
iq,2001,17,2001-04-23,0.2456143,0.2148429,0.27337140000000004,0.2288,297.961428571,299.207142857,295.428571429,307.8,78.3,88.14857142860001,78.01,10.2428571429,27.633333333299998,10.933333333299998,34.3,21.0,14.9
iq,2001,18,2001-04-30,0.2540143,0.179,0.31282859999999996,0.2625571,297.285714286,298.65,295.74,305.6,103.87,92.19285714290001,94.77,7.414285714289999,27.625,11.325,35.2,20.5,51.0
iq,2001,19,2001-05-07,0.2664571,0.1886,0.1962,0.22732860000000002,297.135714286,298.2,296.332857143,305.1,85.9,95.82,45.56,7.085714285710001,26.6,8.8,32.7,21.4,66.0
iq,2001,20,2001-05-14,0.3153429,0.31965,0.2627,0.30348569999999997,297.297142857,298.30714285700003,296.99,305.6,80.3,98.34142857139999,74.08,5.6428571428600005,27.18578337208988,8.059328008627128,32.5,22.10214979195562,0.0
iq,2001,21,2001-05-21,0.2985857,0.37966669999999997,0.1842429,0.26852859999999995,296.922857143,297.957142857,295.827142857,305.6,53.1,94.71,70.81,8.54285714286,27.4333333333,11.933333333299998,34.2,20.5,64.1
iq,2001,22,2001-05-28,0.2999429,0.3029429,0.3187143,0.38744290000000003,296.845714286,298.0,295.18,304.8,20.3,91.4657142857,90.07,8.8,27.25,12.65,34.8,20.5,32.0
iq,2001,23,2001-06-04,0.36356669999999996,0.18191429999999997,0.2539714,0.2467286,296.69142857099996,297.892857143,294.46,307.6,30.63,89.4871428571,126.46,9.72857142857,26.866666666700002,10.733333333300001,34.0,19.8,17.0
iq,2001,24,2001-06-11,0.3170833,0.2989667,0.2198714,0.2173429,295.482857143,296.435714286,294.341428571,302.6,95.06,94.0171428571,47.13,7.27142857143,26.88,10.68,33.4,20.0,37.1
iq,2001,25,2001-06-18,0.1041,0.10824289999999999,0.05965714,0.11375710000000001,296.0,297.321428571,293.647142857,305.2,13.45,88.1714285714,53.93,9.41428571429,26.4,10.05,33.2,20.5,9.9
iq,2001,26,2001-06-25,0.1923,0.2752857,0.3164571,0.3254143,294.845714286,296.0,290.57285714299996,306.1,1.82,79.3228571429,1.22,12.3428571429,27.18578337208988,8.059328008627128,32.3,17.1,31.0
iq,2001,27,2001-07-02,0.22908330000000002,0.1932667,0.2704571,0.2421857,295.79571428599996,297.05,292.75285714299997,305.0,23.6,84.8571428571,52.1,8.55714285714,26.5,11.3666666667,33.2,20.0,70.1
iq,2001,28,2001-07-09,0.3597167,0.3110571,0.2649857,0.43884290000000004,295.80857142900004,297.021428571,293.43857142900004,307.2,16.7,88.3228571429,39.09,9.7,27.35,10.95,33.5,19.5,22.3
iq,2001,29,2001-07-16,0.3195,0.2050857,0.1947429,0.3616333,297.555714286,298.928571429,294.11571428599996,307.9,18.0,84.2457142857,52.05,11.4285714286,26.7666666667,10.0666666667,32.8,21.0,36.8
iq,2001,30,2001-07-23,0.2911571,0.2526333,0.2182,0.3259857,296.815714286,298.221428571,294.991428571,306.0,38.29,90.8142857143,54.52,10.2714285714,27.366666666700002,11.4,34.0,21.2,25.2
iq,2001,31,2001-07-30,0.23711669999999999,0.1956167,0.1883143,0.1339,297.291428571,299.178571429,293.452857143,308.1,9.71,82.2257142857,27.97,12.871428571400001,26.52,10.88,34.0,18.4,10.9
iq,2001,32,2001-08-06,0.20075710000000002,0.2377286,0.2236429,0.2043571,298.537142857,300.135714286,291.387142857,308.7,0.2,66.66428571430001,0.0,14.642857142899999,27.1,12.175,33.5,17.8,39.32635983263598
iq,2001,33,2001-08-13,0.2821714,0.2735571,0.2658571,0.3664571,298.395714286,299.785714286,292.02428571400003,309.7,0.0,69.4757142857,5.14,13.3142857143,27.125,12.25,33.4,20.0,18.0
iq,2001,34,2001-08-20,0.2407571,0.1931143,0.2063429,0.2469143,298.44,299.814285714,294.017142857,308.8,30.1,78.3885714286,9.97,12.2,27.6,11.68,34.2,20.0,47.9
iq,2001,35,2001-08-27,0.2280714,0.19998570000000002,0.23314290000000001,0.2646429,298.75142857099996,300.51428571400004,293.72571428599997,311.2,16.9,76.9557142857,47.58,12.8,27.2,12.4666666667,35.2,20.0,31.0
iq,2001,36,2001-09-03,0.30695,0.2410286,0.1908714,0.3389429,298.69142857099996,300.521428571,294.905714286,311.2,39.8,81.9871428571,44.45,13.4428571429,27.375,12.15,34.3,20.8,35.1
iq,2001,37,2001-09-10,0.3084571,0.2503143,0.2983,0.4290714,298.66571428599997,300.12142857099997,294.122857143,311.5,19.6,78.9571428571,36.2,13.7857142857,27.375,11.525,35.2,20.1,41.9
iq,2001,38,2001-09-17,0.3533143,0.34397140000000004,0.35867140000000003,0.3530429,297.962857143,299.421428571,294.597142857,309.0,65.54,84.0328571429,66.4,10.9285714286,27.525,12.75,35.0,20.2,69.0
iq,2001,39,2001-09-24,0.33467140000000006,0.3886143,0.2854,0.31977140000000004,298.707142857,300.907142857,294.29571428599996,310.4,21.9,79.3657142857,26.48,14.042857142899999,27.25,11.925,33.4,20.3,13.2
iq,2001,40,2001-10-01,0.3343857,0.2712857,0.2416857,0.4444,299.547142857,300.707142857,294.768571429,311.0,32.6,78.33,63.42,14.128571428599999,28.3,13.34,35.5,20.4,14.2
iq,2001,41,2001-10-08,0.4202857,0.3819571,0.4438,0.5460166999999999,299.158571429,300.285714286,293.812857143,312.3,12.3,74.4185714286,58.75,11.3428571429,28.525,12.475,36.8,21.8,30.9
iq,2001,42,2001-10-15,0.3102,0.29712859999999996,0.3454857,0.3820571,300.30857142900004,302.2,294.214285714,312.9,49.2,72.1628571429,77.89,12.885714285699999,27.633333333299998,12.5333333333,36.7,20.0,159.0
iq,2001,43,2001-10-22,0.1244833,0.2392667,0.1845,0.2055714,298.58428571400003,300.071428571,296.607142857,310.6,114.36,90.2657142857,77.15,9.85714285714,28.0666666667,11.9666666667,35.0,21.0,89.1
iq,2001,44,2001-10-29,0.2108857,0.2075667,0.2066143,0.23199999999999998,298.341428571,299.507142857,295.305714286,308.8,46.46,85.5728571429,83.53,11.271428571400001,27.64,10.38,35.8,21.5,76.0
iq,2001,45,2001-11-05,0.3581429,0.2793429,0.30597140000000006,0.3714,298.51428571400004,299.75,296.195714286,309.7,164.74,89.0042857143,34.54,10.1,27.525,11.025,34.4,21.3,35.1
iq,2001,46,2001-11-12,0.2773286,0.2303,0.2773,0.29697140000000005,298.847142857,300.578571429,296.198571429,310.5,181.2,87.48142857139999,61.82,9.7,28.44,10.18,34.5,21.0,43.9
iq,2001,47,2001-11-19,0.3297,0.3304167,0.3406429,0.4415714,299.12,300.48571428599996,296.75285714299997,309.5,56.3,88.83714285709999,65.89,9.22857142857,27.575,11.575,33.7,20.8,31.0
iq,2001,48,2001-11-26,0.3015,0.3613,0.30557140000000005,0.3699167,298.555714286,299.635714286,295.81142857099996,310.0,31.5,87.3771428571,47.46,8.014285714289999,28.2333333333,11.666666666700001,35.3,21.8,12.2
iq,2001,49,2001-12-03,0.3250571,0.2264714,0.2992571,0.35047140000000004,298.754285714,300.221428571,295.981428571,308.5,158.5,87.24,46.86,8.87142857143,28.425,11.65,35.5,21.2,23.1
iq,2001,50,2001-12-10,0.3260333,0.2355333,0.31557140000000006,0.3066429,298.245714286,299.592857143,297.5,305.8,72.94,96.1185714286,138.22,7.785714285710001,27.84,10.96,35.0,21.0,75.0
iq,2001,51,2001-12-17,0.2229429,0.2240714,0.2128143,0.1841286,298.564285714,299.678571429,297.211428571,309.3,85.9,93.94714285709999,43.95,7.385714285710001,27.075,9.5,32.9,21.0,57.9
iq,2001,52,2001-12-24,0.29818890000000003,0.3380778,0.2887889,0.3417,298.238571429,299.35,297.511428571,306.7,109.64,96.3557142857,100.72,6.5,27.35,8.65,33.3,22.0,25.1
iq,2002,1,2002-01-01,0.40572859999999994,0.3484,0.3686429,0.3800143,297.13285714299997,297.87142857099997,296.06,304.5,109.8,94.5885714286,70.16,5.94285714286,27.95,9.45,33.2,23.0,45.3
iq,2002,2,2002-01-08,0.3275833,0.3759167,0.41026670000000004,0.3833333,300.012857143,301.271428571,294.912857143,309.8,5.5,76.6028571429,64.79,11.4,28.9666666667,11.933333333299998,35.4,21.0,7.1
iq,2002,3,2002-01-15,0.24108569999999999,0.14565,0.27802859999999996,0.19764289999999998,299.877142857,300.907142857,294.60571428599997,309.4,4.7,75.2042857143,22.77,12.128571428599999,28.8,12.7666666667,36.0,22.0,5.0
iq,2002,4,2002-01-22,0.1041286,0.1483286,0.1121857,0.1419143,298.91571428599997,299.87857142900003,295.11,308.7,19.91,81.5271428571,121.07,10.214285714299999,27.94,11.8,35.8,21.0,18.0
iq,2002,5,2002-01-29,0.1422935374167987,0.13055257610470083,0.20378318902580195,0.20230549071129708,296.858571429,297.9,296.137142857,304.2,43.12,96.2671428571,59.4,5.22857142857,26.3,9.7,32.5,20.8,120.2
iq,2002,6,2002-02-05,0.18491670000000002,0.1733286,0.16874289999999997,0.1844286,295.912857143,296.69285714299997,295.231428571,304.2,69.96,96.6414285714,4.68,5.18571428571,26.625,9.725,34.0,20.8,70.4
iq,2002,7,2002-02-12,0.29197140000000005,0.2241429,0.3051,0.37327140000000003,297.847142857,299.292857143,296.544285714,304.7,33.3,93.4385714286,104.37,7.7,27.85,10.725,33.6,20.8,62.8
iq,2002,8,2002-02-19,0.1288,0.12243330000000001,0.09594286,0.1251714,297.695714286,299.021428571,296.122857143,305.5,49.43,92.05,37.46,7.72857142857,27.02,9.78,33.5,21.0,14.0
iq,2002,9,2002-02-26,0.1162,0.17874289999999998,0.08991429,0.2104143,297.062857143,298.19285714299997,296.51428571400004,305.0,201.2,97.15714285709998,80.14,5.81428571429,26.7,9.6,32.2,20.5,47.6
iq,2002,10,2002-03-05,0.3183667,0.2556,0.266,0.2973833,298.54,299.957142857,296.698571429,308.8,160.1,91.2214285714,92.84,8.97142857143,27.85,13.2,35.7,21.0,48.3
iq,2002,11,2002-03-12,0.2483857,0.1795,0.2698143,0.29923330000000004,298.358571429,300.15,296.238571429,309.2,46.9,89.7785714286,41.96,9.41428571429,26.95,10.45,34.5,21.6,9.1
iq,2002,12,2002-03-19,0.2265857,0.2483333,0.2302,0.2435143,297.951428571,299.242857143,296.81,305.8,92.4,94.16571428569999,61.18,7.37142857143,26.95,11.775,33.3,20.6,76.8
iq,2002,13,2002-03-26,0.2127857,0.27455,0.1987,0.2284571,296.407142857,297.214285714,296.108571429,303.6,127.9,98.4571428571,110.42,4.4,26.1,10.3,32.3,20.7,49.0
iq,2002,14,2002-04-02,0.19708,0.29622859999999995,0.1805,0.2763286,297.174285714,298.064285714,296.741428571,303.9,122.3,97.77571428569999,94.01,6.18571428571,27.3,10.4,32.5,20.2,20.1
iq,2002,15,2002-04-09,0.2698286,0.19681429999999997,0.2025857,0.2662857,296.862857143,297.7,296.351428571,303.3,187.8,97.2442857143,75.98,5.1428571428600005,26.3,9.4,31.4,20.8,13.0
iq,2002,16,2002-04-16,0.26935,0.2121571,0.1889286,0.19494289999999997,297.76428571400004,298.921428571,296.31,305.0,49.8,92.6157142857,109.49,6.72857142857,27.2,13.0,34.6,20.3,39.32635983263598
iq,2002,17,2002-04-23,0.2678429,0.2614143,0.2485,0.26692859999999996,297.58428571400003,298.814285714,296.63142857099996,305.2,96.1,95.2514285714,45.59,7.314285714289999,27.2666666667,10.7,33.3,21.7,53.9
iq,2002,18,2002-04-30,0.1703571,0.1418286,0.1977286,0.2570714,297.408571429,298.55,296.222857143,303.8,52.6,93.8457142857,60.05,7.5,27.18578337208988,8.059328008627128,33.5,21.2,1.0
iq,2002,19,2002-05-07,0.2272571,0.17824289999999998,0.1773857,0.2101143,297.35571428599997,298.435714286,296.444285714,304.4,66.85,95.22,101.3,8.04285714286,27.5,11.525,34.0,21.3,25.4
iq,2002,20,2002-05-14,0.1338,0.1096333,0.2196143,0.1417,296.784285714,297.585714286,296.221428571,303.7,93.4,97.24285714290001,46.79,5.08571428571,26.866666666700002,9.7,32.3,20.8,543.3
iq,2002,21,2002-05-21,0.1921143,0.1776429,0.23085709999999998,0.2222,297.05,298.62142857099997,296.02428571400003,306.2,32.3,94.80428571430001,51.25,8.5,27.7,12.15,33.8,20.8,9.1
iq,2002,22,2002-05-28,0.1764571,0.17491429999999997,0.18815710000000002,0.2386286,297.55714285700003,298.714285714,296.271428571,305.9,58.02,93.78857142860001,41.54,7.65714285714,26.325,9.775,32.3,20.8,146.7
iq,2002,23,2002-06-04,0.3204714,0.2780857,0.2377286,0.3431857,296.267142857,297.085714286,295.23571428599996,305.3,19.12,94.3457142857,72.76,8.74285714286,27.3,11.6333333333,34.3,20.7,28.0
iq,2002,24,2002-06-11,0.3862667,0.2591333,0.3284143,0.39162859999999994,297.257142857,298.971428571,296.107142857,305.8,39.48,94.1442857143,69.62,8.97142857143,27.8,11.5,34.0,20.7,1.0
iq,2002,25,2002-06-18,0.2212714,0.17351429999999998,0.2119714,0.2252143,296.80714285700003,297.51428571400004,293.87142857099997,306.4,22.95,85.7371428571,39.16,10.714285714299999,26.2333333333,8.73333333333,33.0,18.8,31.0
iq,2002,26,2002-06-25,0.17917139999999998,0.2791,0.1326143,0.2132857,295.80857142900004,296.907142857,292.147142857,305.3,14.1,82.1671428571,3.18,10.7285714286,26.15,10.8,32.6,18.6,7.1
iq,2002,27,2002-07-02,0.10154289999999999,0.1266,0.11935710000000001,0.07624286,294.635714286,294.892857143,291.794285714,305.1,6.2,85.5657142857,3.27,8.7,26.275,9.5,32.6,20.7,5.1
iq,2002,28,2002-07-09,0.21602,0.2350667,0.1511857,0.2129714,295.88285714299997,297.035714286,292.95,307.1,8.7,85.6728571429,5.71,8.78571428571,26.133333333299998,10.633333333300001,32.3,20.3,26.3
iq,2002,29,2002-07-16,0.10804289999999998,0.07298571,0.11122860000000001,0.11797139999999999,296.44285714299997,297.742857143,293.327142857,306.3,8.3,84.6685714286,63.0,11.171428571400002,25.4,9.0,30.1,20.1,0.0
iq,2002,30,2002-07-23,0.2225,0.2631,0.2489857,0.34647140000000004,296.875714286,298.3,293.422857143,307.4,12.41,83.4971428571,65.55,11.9714285714,27.8,11.6,33.6,19.5,68.1
iq,2002,31,2002-07-30,0.3870143,0.2601714,0.34927140000000007,0.2830571,297.161428571,298.728571429,294.624285714,308.5,23.33,87.0342857143,89.93,10.6,26.7,11.14,33.8,19.3,35.6
iq,2002,32,2002-08-06,0.3041167,0.2788429,0.3074571,0.3378429,296.79571428599996,298.642857143,292.674285714,308.0,5.44,80.47,14.34,13.457142857100001,27.25,12.8,34.0,20.2,0.0
iq,2002,33,2002-08-13,0.37715709999999997,0.3059,0.2884,0.3608429,298.304285714,299.335714286,291.678571429,308.9,1.7,69.06,9.81,14.385714285699999,27.8333333333,12.2333333333,35.1,20.6,7.1
iq,2002,34,2002-08-20,0.345425,0.31354,0.29505,0.3092667,296.184285714,296.73571428599996,292.451428571,308.6,5.61,82.1414285714,31.71,12.7571428571,27.18578337208988,8.059328008627128,33.1,20.8,70.6
iq,2002,35,2002-08-27,0.3045429,0.2694429,0.2508571,0.3224714,298.412857143,299.98571428599996,293.874285714,310.3,10.7,77.7657142857,38.8,12.8,27.4,11.15,35.1,20.9,24.1
iq,2002,36,2002-09-03,0.2290143,0.1319714,0.2494571,0.19088570000000002,299.395714286,300.678571429,294.531428571,310.5,13.1,77.0828571429,81.85,11.9285714286,27.4,10.475,33.3,21.7,17.0
iq,2002,37,2002-09-10,0.3075429,0.2941714,0.3234,0.1907714,299.015714286,300.207142857,293.211428571,310.0,3.2,73.1414285714,25.36,14.042857142899999,28.2333333333,13.2333333333,35.9,19.9,89.9
iq,2002,38,2002-09-17,0.3274143,0.3472571,0.33867140000000007,0.38387140000000003,300.32,301.042857143,292.271428571,311.2,0.8,64.6885714286,11.49,16.0285714286,28.9,12.7,36.6,21.5,0.8
iq,2002,39,2002-09-24,0.2379833,0.30842859999999994,0.2681143,0.3200429,299.238571429,301.114285714,294.414285714,312.6,41.1,79.5628571429,38.56,13.171428571400002,27.9,12.2,36.0,20.4,86.9
iq,2002,40,2002-10-01,0.2721143,0.17936670000000002,0.3142429,0.27417140000000007,299.654285714,301.23571428599996,293.814285714,313.2,24.1,74.25,70.98,13.7571428571,29.2,14.1333333333,37.7,21.7,74.2
iq,2002,41,2002-10-08,0.37815,0.3857833,0.2314286,0.24593330000000002,298.717142857,300.55,295.661428571,310.6,34.4,85.1371428571,70.22,12.5285714286,28.075,11.45,34.6,21.8,79.8
iq,2002,42,2002-10-15,0.1992714,0.1592429,0.2581286,0.2277143,298.297142857,299.714285714,295.585714286,308.8,40.7,86.9985714286,21.96,10.6571428571,28.0,11.6333333333,34.2,22.0,4.5
iq,2002,43,2002-10-22,0.2278714,0.21445709999999998,0.2997714,0.2229429,297.331428571,298.15,294.961428571,304.5,35.4,87.71714285709999,48.94,8.5,27.95,10.3,36.0,21.8,167.8
iq,2002,44,2002-10-29,0.3290857,0.2862143,0.2940571,0.31592859999999995,298.518571429,300.242857143,296.9,307.3,39.7,91.94428571430001,89.77,9.02857142857,27.18578337208988,8.059328008627128,34.1,22.5,34.1
iq,2002,45,2002-11-05,0.3071429,0.27695,0.2879286,0.3642857,297.537142857,298.657142857,296.637142857,306.5,124.2,95.2857142857,95.47,6.514285714290001,28.3,11.0,33.8,22.6,63.9
iq,2002,46,2002-11-12,0.2368333,0.2021571,0.20951430000000001,0.1620286,297.16571428599997,298.021428571,296.32285714299996,306.6,91.33,96.04714285709998,91.36,5.47142857143,27.6,10.7,33.6,21.4,212.6
iq,2002,47,2002-11-19,0.2506143,0.27913330000000003,0.2156333,0.2982667,297.375714286,298.828571429,296.781428571,305.9,85.8,96.84,61.69,7.4,27.35,8.9,33.5,21.7,77.0
iq,2002,48,2002-11-26,0.31092859999999994,0.28522859999999994,0.29072859999999995,0.2563286,298.35,299.892857143,297.07285714299996,309.5,56.92,93.3957142857,60.15,10.3857142857,28.1,10.55,34.0,22.0,17.2
iq,2002,49,2002-12-03,0.3008,0.2528,0.3449571,0.34832859999999993,298.32428571400004,299.657142857,296.48571428599996,306.8,49.2,90.66285714290001,49.69,8.0,28.5,9.75,33.7,22.9,46.0
iq,2002,50,2002-12-10,0.26802859999999995,0.14242860000000002,0.2886714,0.1850714,297.88428571400004,298.95,296.39,307.4,30.89,92.61428571430001,35.02,7.92857142857,27.65,9.45,34.0,22.9,57.2
iq,2002,51,2002-12-17,0.2542286,0.18391429999999998,0.2707143,0.2090286,297.81857142900003,299.05714285700003,296.627142857,306.0,24.3,93.8457142857,25.73,6.8571428571399995,27.98,8.72,34.0,23.3,24.0
iq,2002,52,2002-12-24,0.1194,0.1364,0.1718286,0.18958570000000002,297.872857143,299.171428571,296.63,305.7,54.7,93.40857142860001,151.73,8.0,27.975,10.65,33.8,21.9,137.9
iq,2003,1,2003-01-01,0.3234143,0.3004143,0.32918569999999997,0.31842859999999995,299.375714286,300.821428571,295.87142857099997,308.6,28.3,84.06,46.91,12.1,28.45,9.95,34.4,22.4,92.9
iq,2003,2,2003-01-08,0.4884,0.4024429,0.4149286,0.4697,297.684285714,299.171428571,295.944285714,308.6,33.6,91.56,11.77,8.42857142857,28.9333333333,10.2,35.0,22.1,35.1
iq,2003,3,2003-01-15,0.303,0.16946670000000003,0.2915429,0.3012857,296.92,298.614285714,295.901428571,305.2,27.9,94.3742857143,60.46,7.74285714286,28.0,9.5,33.3,22.5,164.4
iq,2003,4,2003-01-22,0.2249571,0.2602714,0.20692860000000002,0.2895,298.125714286,299.564285714,295.00142857099996,307.7,8.8,84.46,84.05,10.2714285714,28.4,10.6,34.2,23.0,67.1
iq,2003,5,2003-01-29,0.1660286,0.1406286,0.19138570000000002,0.1834429,299.487142857,300.242857143,294.012857143,310.0,6.26,74.8842857143,35.05,11.771428571400001,28.6,12.0,35.4,22.5,7.9
iq,2003,6,2003-02-05,0.19145,0.08642857,0.1368,0.15671429999999997,297.218571429,298.4,296.218571429,304.9,170.6,94.55285714290001,56.36,7.45714285714,26.6,7.0,33.8,22.4,41.9
iq,2003,7,2003-02-12,0.3137143,0.22841430000000001,0.2521143,0.28647140000000004,296.585714286,297.671428571,295.52,302.9,38.7,94.3542857143,70.63,6.02857142857,26.75,8.35,33.2,22.4,55.9
iq,2003,8,2003-02-19,0.1262571,0.13551429999999998,0.10365710000000002,0.13371429999999998,298.567142857,300.1,296.392857143,308.6,41.1,89.97428571430001,25.03,10.885714285699999,27.18578337208988,8.059328008627128,32.4,23.3,121.9
iq,2003,9,2003-02-26,0.2976,0.23663330000000002,0.22915,0.2072833,299.35,300.51428571400004,296.41,308.6,53.6,86.0128571429,132.2,9.114285714289998,29.4,11.2,35.0,22.9,0.0
iq,2003,10,2003-03-05,0.1695286,0.13895710000000003,0.2340571,0.1851429,297.508571429,298.892857143,295.94285714299997,306.6,134.46,92.4685714286,63.71,7.9,27.95,9.1,32.9,22.9,5.0
iq,2003,11,2003-03-12,0.2,0.19028570000000003,0.1589429,0.1636286,296.68,297.635714286,295.94142857099996,305.9,186.8,96.1714285714,47.97,6.24285714286,26.7,7.5,32.0,22.1,98.4
iq,2003,12,2003-03-19,0.2142143,0.2251571,0.2191714,0.2485,297.892857143,299.171428571,296.63285714299997,308.9,362.03,93.62857142860001,109.04,8.34285714286,27.6,9.9,33.5,22.7,61.9
iq,2003,13,2003-03-26,0.1475286,0.2694571,0.1268571,0.2059143,298.64428571400003,300.392857143,296.81857142900003,308.1,44.5,91.5942857143,93.61,9.47142857143,30.8,15.8,42.2,21.8,75.9
iq,2003,14,2003-04-02,0.2482,0.26277140000000004,0.2065,0.2886857,298.077142857,299.642857143,296.642857143,307.5,44.72,93.0142857143,89.38,9.34285714286,28.26,9.96,34.2,22.6,75.0
iq,2003,15,2003-04-09,0.2052429,0.1842,0.1931286,0.2087857,298.082857143,298.971428571,297.358571429,305.9,86.23,96.27,78.59,7.02857142857,28.175,9.675,34.5,22.9,79.0
iq,2003,16,2003-04-16,0.26682859999999997,0.2182286,0.1998714,0.2621429,296.74714285700003,297.521428571,295.99,304.0,43.85,95.99285714290001,51.14,4.75714285714,27.72,8.48,34.2,22.4,49.0
iq,2003,17,2003-04-23,0.32344290000000003,0.2531714,0.28522859999999994,0.2931,297.992857143,299.478571429,296.50142857099996,306.3,56.6,92.54714285709998,77.34,8.385714285710002,28.2,10.45,33.9,21.8,82.9
iq,2003,18,2003-04-30,0.4350571,0.3769143,0.2636143,0.3348429,296.69142857099996,297.585714286,296.16,304.5,247.6,97.27714285709999,65.43,5.08571428571,27.2,8.333333333330001,32.9,22.7,105.9
iq,2003,19,2003-05-07,0.1994286,0.1501,0.1834667,0.1477,296.45428571400004,297.964285714,295.70428571400004,305.2,59.5,96.14,138.05,7.15714285714,28.35,9.316666666669999,33.6,23.4,69.0
iq,2003,20,2003-05-14,0.2454286,0.1847,0.2614571,0.2688857,294.922857143,295.242857143,294.567142857,301.5,95.3,98.13285714290001,84.16,4.77142857143,27.0,8.8,32.5,22.0,246.2
iq,2003,21,2003-05-21,0.1892571,0.16695,0.1843,0.17074289999999998,295.87857142900003,296.835714286,295.035714286,304.1,34.56,95.8542857143,23.7,6.75714285714,27.4666666667,8.9,32.5,22.3,145.8
iq,2003,22,2003-05-28,0.24114290000000002,0.1987,0.2537286,0.2544571,297.648571429,298.971428571,296.08,306.1,113.8,92.46142857139999,166.52,9.31428571429,27.7,8.72,35.0,22.4,187.9
iq,2003,23,2003-06-04,0.2369571,0.1213143,0.1923143,0.2074,296.591428571,297.757142857,296.127142857,303.9,40.7,97.61714285709999,70.25,5.514285714290001,27.2,8.15,33.4,22.4,72.1
iq,2003,24,2003-06-11,0.3135857,0.3539833,0.2658571,0.2809143,296.837142857,297.80714285700003,296.11714285700003,303.4,61.8,96.22285714290001,98.72,7.07142857143,27.7,9.575,33.2,21.6,107.0
iq,2003,25,2003-06-18,0.3237,0.2755,0.3547571,0.2723143,296.008571429,296.757142857,293.978571429,304.9,5.56,90.04857142860001,47.15,8.91428571429,27.525,10.725,33.5,21.8,40.4
iq,2003,26,2003-06-25,0.1882571,0.2322667,0.1737714,0.1928,295.387142857,296.357142857,294.542857143,303.7,38.1,95.5757142857,88.88,6.54285714286,26.95,9.45,32.7,21.9,93.5
iq,2003,27,2003-07-02,0.2618143,0.1715857,0.3099429,0.2584286,295.12857142900003,295.992857143,294.037142857,305.5,42.5,94.1271428571,61.09,6.5,25.866666666700002,7.5,33.8,21.7,79.3
iq,2003,28,2003-07-09,0.1802714,0.1629714,0.1541286,0.1611,296.94285714299997,298.30714285700003,294.154285714,307.3,13.55,86.6557142857,53.58,10.1,27.075,10.875,33.2,20.7,1.5
iq,2003,29,2003-07-16,0.1935714,0.16885,0.15908570000000002,0.2314714,296.79,298.171428571,293.642857143,306.6,27.06,85.6114285714,65.2,12.0,27.6666666667,10.833333333299999,33.4,17.4,23.8
iq,2003,30,2003-07-23,0.2858143,0.1630714,0.28802859999999997,0.2774571,296.48571428599996,298.042857143,291.85,305.4,6.39,77.80428571430001,2.64,11.4285714286,26.4666666667,10.366666666699999,32.1,18.0,9.9
iq,2003,31,2003-07-30,0.2077857,0.15621429999999997,0.1743286,0.2188143,296.82285714299996,298.357142857,293.184285714,306.9,12.0,82.27,24.64,10.314285714299999,27.225,9.9,32.4,21.3,69.1
iq,2003,32,2003-08-06,0.2443714,0.1746429,0.2174143,0.2323,297.658571429,298.55,293.04571428599996,308.2,6.5,77.8614285714,89.28,12.642857142899999,27.85,11.2,34.2,21.3,117.0
iq,2003,33,2003-08-13,0.2471143,0.17111429999999997,0.2337429,0.2638,297.338571429,298.271428571,294.11857142900004,307.0,21.0,83.9271428571,52.47,10.6571428571,27.4,10.05,34.4,21.7,79.0
iq,2003,34,2003-08-20,0.42524290000000003,0.3624833,0.3566143,0.38552859999999994,297.36571428599996,298.857142857,293.511428571,308.1,35.1,81.9428571429,45.38,10.0571428571,27.75,11.9,34.0,20.0,18.3
iq,2003,35,2003-08-27,0.2495857,0.2122,0.2508143,0.2652143,297.875714286,299.671428571,294.932857143,306.6,18.03,85.7257142857,29.51,10.885714285699999,28.0,12.1,34.4,21.4,95.7
iq,2003,36,2003-09-03,0.3417,0.2863143,0.2101857,0.2659857,297.38142857099996,298.44285714299997,290.97,309.5,33.5,70.9285714286,8.84,12.771428571400001,26.65,11.9,33.9,18.5,0.8
iq,2003,37,2003-09-10,0.2232286,0.2028714,0.19525710000000002,0.2701857,298.831428571,300.19285714299997,293.92714285700004,310.2,6.0,76.5328571429,36.42,12.671428571400002,27.8333333333,12.3,34.3,21.0,53.1
iq,2003,38,2003-09-17,0.3644857,0.2609857,0.3164571,0.3851571,296.948571429,297.707142857,293.684285714,310.6,115.2,85.03,55.73,10.7571428571,27.8,11.6,35.3,16.8,92.3
iq,2003,39,2003-09-24,0.4011857,0.3545167,0.32767140000000006,0.3920429,298.14428571400003,299.292857143,295.737142857,307.9,53.36,88.11714285709999,100.55,9.47142857143,28.0333333333,10.633333333300001,34.7,21.8,27.2
iq,2003,40,2003-10-01,0.2535,0.2371143,0.2290286,0.2321714,299.357142857,300.7,295.828571429,310.6,253.3,83.6828571429,74.6,11.6,28.575,12.175,35.5,21.8,34.5
iq,2003,41,2003-10-08,0.1760286,0.19638329999999998,0.2257571,0.23492860000000002,297.91571428599997,299.885714286,296.312857143,309.0,42.5,92.16571428569999,38.3,11.2,27.2,9.35,35.7,22.3,138.2
iq,2003,42,2003-10-15,0.2758286,0.22884290000000002,0.2752,0.2871143,298.162857143,299.35,296.201428571,305.6,34.6,90.34285714290002,44.16,8.52857142857,28.3,10.65,34.4,22.9,36.0
iq,2003,43,2003-10-22,0.4750143,0.3795,0.4249429,0.4324429,298.957142857,300.678571429,296.224285714,311.2,41.2,87.37,39.52,9.95714285714,27.975,10.475,34.5,20.7,32.1
iq,2003,44,2003-10-29,0.13451429999999998,0.1314714,0.11535710000000002,0.12127139999999999,300.041428571,300.842857143,295.29571428599996,310.1,6.1,77.7842857143,32.47,12.0857142857,28.7333333333,11.1333333333,35.5,22.8,56.4
iq,2003,45,2003-11-05,0.3946571,0.3269571,0.3912143,0.4190429,298.135714286,299.957142857,295.74,310.8,85.3,88.48,105.14,9.42857142857,27.6,9.566666666669999,34.0,21.9,139.7
iq,2003,46,2003-11-12,0.3176857,0.3246,0.2498,0.3244714,298.36714285700003,300.171428571,295.645714286,308.4,36.4,86.7557142857,31.08,10.6285714286,28.5,10.85,35.5,20.8,79.0
iq,2003,47,2003-11-19,0.2636429,0.2816571,0.2466667,0.3012571,298.68142857099997,300.107142857,296.72571428599997,307.0,40.8,90.88285714290001,123.63,9.04285714286,27.9,10.55,36.0,22.4,284.4
iq,2003,48,2003-11-26,0.2749,0.2452,0.3094571,0.29532859999999994,299.222857143,299.607142857,296.53,308.5,51.4,86.9957142857,81.27,9.07142857143,28.3,10.233333333300001,34.7,22.0,26.2
iq,2003,49,2003-12-03,0.4003429,0.3180571,0.32877140000000005,0.3696429,298.315714286,299.73571428599996,296.135714286,309.4,77.83,89.2071428571,72.23,9.7,28.7666666667,10.1666666667,35.1,22.0,138.0
iq,2003,50,2003-12-10,0.35862859999999996,0.24435,0.3519,0.3588,298.685714286,300.25,297.338571429,306.4,178.89,93.23142857139999,108.62,8.27142857143,28.4,11.7,34.2,22.5,47.4
iq,2003,51,2003-12-17,0.19266670000000002,0.2244,0.1361143,0.13631429999999997,298.168571429,299.542857143,296.851428571,308.5,65.04,93.91714285709999,64.95,8.34285714286,28.3,10.45,34.8,22.1,66.8
iq,2003,52,2003-12-24,0.2850778,0.23065560000000002,0.26764440000000006,0.26477779999999995,296.297142857,297.05,295.682857143,302.6,82.68,96.93714285709999,49.42,4.18571428571,27.3,9.6,33.1,22.3,185.7
iq,2004,1,2004-01-01,0.20257139999999998,0.19896670000000002,0.2445571,0.18795710000000002,298.7018524007227,299.22557794902906,295.2463564512932,303.42710926694326,40.15181881051176,82.161959098991,45.760388080388076,4.903754198774744,27.18578337208988,8.059328008627128,32.452437325905294,22.10214979195562,39.32635983263598
iq,2004,2,2004-01-08,0.24941999999999998,0.30885,0.2086286,0.25901430000000003,297.437142857,298.742857143,296.637142857,304.0,55.3,95.7942857143,78.53,6.2,27.4333333333,8.666666666669999,34.2,22.4,137.2
iq,2004,3,2004-01-15,0.32786,0.29844,0.30672,0.34024,297.75285714299997,298.957142857,297.02,306.2,62.5,96.12857142860001,63.47,6.82857142857,28.7,9.9,34.1,23.1,68.1
iq,2004,4,2004-01-22,0.3205857,0.33652859999999996,0.2566,0.3441143,299.62,300.828571429,295.89,308.3,19.4,82.4671428571,29.23,11.228571428599999,28.7333333333,11.4,34.6,21.8,20.1
iq,2004,5,2004-01-29,0.2330143,0.2351857,0.1964857,0.2055429,300.9,302.15,292.832857143,309.7,1.6,65.2842857143,4.65,13.642857142899999,28.925,12.125,35.6,22.3,0.0
iq,2004,6,2004-02-05,0.12354289999999998,0.0993,0.11285710000000002,0.1172,299.902857143,301.37142857099997,293.988571429,309.8,9.0,72.9271428571,13.2,14.0857142857,29.2,13.525,36.4,20.6,24.1
iq,2004,7,2004-02-12,0.2787429,0.2987571,0.3127143,0.30482859999999995,298.27,299.55,295.64,307.2,33.46,86.7657142857,24.83,8.5,27.925,9.5,33.3,22.8,13.4
iq,2004,8,2004-02-19,0.2366286,0.1670429,0.1970286,0.2225143,298.081428571,299.75,295.642857143,310.1,34.5,87.7185714286,39.06,9.72857142857,26.6,8.1,35.5,22.0,8.6
iq,2004,9,2004-02-26,0.3190571,0.3352333,0.2176286,0.3000286,297.88285714299997,299.435714286,296.348571429,308.0,83.27,93.0128571429,125.04,7.814285714289999,27.4666666667,10.133333333300001,34.4,20.6,18.9
iq,2004,10,2004-03-04,0.2094714,0.20865709999999998,0.1715,0.1935714,297.981428571,299.428571429,296.455714286,308.1,49.36,92.5614285714,52.08,9.08571428571,28.4,11.3,34.5,22.3,79.0
iq,2004,11,2004-03-11,0.3076833,0.2140167,0.33865,0.3110429,296.777142857,297.521428571,296.06857142900003,304.4,76.75,96.28857142860001,80.33,5.24285714286,28.0,11.0,33.5,22.5,24.1
iq,2004,12,2004-03-18,0.3859857,0.4247833,0.3514143,0.34652859999999996,297.887142857,299.535714286,296.62142857099997,305.5,75.16,93.62857142860001,137.83,9.78571428571,28.3,9.5,34.3,21.7,187.2
iq,2004,13,2004-03-25,0.30628330000000004,0.19872,0.02988,0.29015,297.312857143,298.2,296.607142857,303.5,76.2,96.23857142860001,120.1,5.71428571429,28.65,9.3,34.0,23.6,142.6
iq,2004,14,2004-04-01,0.136,0.138,0.1862333,0.1294333,297.202857143,298.26428571400004,296.815714286,303.9,88.9,97.9414285714,101.22,5.21428571429,28.0666666667,9.1,33.9,22.7,2.0
iq,2004,15,2004-04-08,0.3592143,0.3348429,0.2791571,0.3612714,297.812857143,298.978571429,297.17571428599996,305.6,135.4,96.4985714286,47.26,6.27142857143,27.65,9.5,33.1,22.3,4.0
iq,2004,16,2004-04-15,0.2441857,0.19582860000000002,0.1747,0.1882286,298.217142857,299.65,296.637142857,308.4,54.89,92.32,61.8,8.985714285710001,28.0333333333,10.366666666699999,33.6,21.7,36.9
iq,2004,17,2004-04-22,0.3742857,0.3308,0.2340333,0.25494290000000003,297.78,298.51428571400004,296.771428571,304.0,90.3,94.78857142860001,113.62,6.0,28.0,10.65,34.5,22.5,39.6
iq,2004,18,2004-04-29,0.27884000000000003,0.16376670000000002,0.19118329999999997,0.32662859999999994,297.127142857,297.828571429,296.708571429,303.5,133.17,97.8085714286,65.82,5.02857142857,27.5333333333,8.666666666669999,32.9,22.6,148.5
iq,2004,19,2004-05-06,0.1575667,0.12154289999999998,0.19041429999999998,0.12253330000000001,297.798571429,299.12857142900003,296.835714286,305.9,56.52,95.1157142857,83.93,8.71428571429,27.2333333333,9.933333333330001,33.3,22.0,97.0
iq,2004,20,2004-05-13,0.1716667,0.1522333,0.15983329999999998,0.1769,296.414285714,297.214285714,295.27,303.4,45.5,93.8971428571,34.81,5.77142857143,27.3,8.4,33.0,19.5,91.8
iq,2004,21,2004-05-20,0.2254667,0.18515,0.1942,0.2483167,297.602857143,299.178571429,295.82,308.2,83.0,91.6271428571,173.45,9.1,26.65,7.4,34.2,22.5,296.9
iq,2004,22,2004-05-27,0.1903143,0.07784286,0.1931714,0.1023286,297.305714286,298.328571429,295.958571429,306.4,42.6,93.5757142857,35.43,9.62857142857,27.18578337208988,8.059328008627128,33.3,20.5,28.2
iq,2004,23,2004-06-03,0.1073,0.1170667,0.1967857,0.1106143,296.767142857,297.821428571,295.697142857,304.1,36.63,94.69285714290001,88.62,8.18571428571,27.5,9.5,32.8,19.8,203.0
iq,2004,24,2004-06-10,0.2378429,0.2350833,0.16695710000000002,0.2119714,295.57428571400004,296.25,294.99,300.0,51.89,96.8757142857,85.28,5.04285714286,26.8,8.566666666669999,32.0,20.9,87.9
iq,2004,25,2004-06-17,0.3329571,0.191,0.2340429,0.3255143,296.20428571400004,297.321428571,294.705714286,306.0,24.5,92.37142857139999,94.52,7.785714285710001,25.9,8.4,33.3,21.5,43.2
iq,2004,26,2004-06-24,0.2392333,0.15354289999999998,0.13282860000000002,0.1970429,295.63428571400004,296.814285714,293.86,304.2,25.9,90.44714285709999,32.95,8.4,25.075,9.075,32.1,18.6,98.5
iq,2004,27,2004-07-01,0.2572143,0.32492859999999996,0.1978,0.19675710000000002,296.151428571,297.585714286,295.041428571,304.4,50.7,94.6685714286,46.39,8.45714285714,25.9,8.15,30.9,21.1,170.1
iq,2004,28,2004-07-08,0.3175571,0.3013857,0.27937140000000005,0.33554290000000003,296.61714285700003,298.085714286,294.814285714,305.1,18.67,90.9057142857,83.94,9.485714285710001,26.55,8.85,32.0,21.8,43.2
iq,2004,29,2004-07-15,0.2328286,0.2737667,0.2338,0.1532429,297.50142857099996,298.935714286,294.358571429,306.9,24.76,85.1585714286,48.09,11.2142857143,26.8,11.7,33.1,20.5,31.0
iq,2004,30,2004-07-22,0.2679429,0.2995,0.2177,0.2849857,296.812857143,298.114285714,294.99714285700003,304.4,25.42,90.92857142860001,53.78,10.2,26.3,8.8,32.1,21.9,103.1
iq,2004,31,2004-07-29,0.2089,0.1555,0.2203,0.2542571,296.017142857,297.292857143,294.471428571,306.1,27.62,92.52714285709999,85.96,8.84285714286,27.18578337208988,8.059328008627128,32.9,19.4,6.0
iq,2004,32,2004-08-05,0.2489,0.2659571,0.21852860000000002,0.2375571,297.517142857,298.964285714,293.14428571400003,307.4,3.9,79.7185714286,29.82,12.1571428571,27.18578337208988,8.059328008627128,34.0,18.3,55.1
iq,2004,33,2004-08-12,0.1910714,0.22699999999999998,0.1685286,0.2957,296.53,297.635714286,292.222857143,307.2,4.1,79.2357142857,18.44,12.1857142857,27.18578337208988,8.059328008627128,31.3,20.0,0.5
iq,2004,34,2004-08-19,0.39312859999999994,0.3286429,0.27677140000000006,0.3885143,297.82,299.98571428599996,293.421428571,308.3,7.9,78.4814285714,23.78,14.2857142857,27.18578337208988,8.059328008627128,32.452437325905294,21.7,0.5
iq,2004,35,2004-08-26,0.3113,0.2609286,0.2330143,0.2997857,298.142857143,299.80714285700003,294.567142857,310.1,23.2,83.1728571429,42.86,12.5285714286,27.18578337208988,8.059328008627128,32.8,20.4,0.0
iq,2004,36,2004-09-02,0.3343571,0.3720286,0.3420143,0.2845857,297.771428571,299.37857142900003,294.988571429,307.8,41.89,86.54,147.32,11.128571428599999,27.1,9.8,32.0,20.9,195.1
iq,2004,37,2004-09-09,0.13026669999999999,0.15128,0.1108143,0.1174857,298.457142857,300.51428571400004,296.11571428599996,308.2,35.7,88.74285714290001,46.58,10.285714285700001,27.4,8.7,34.3,23.0,23.2
iq,2004,38,2004-09-16,0.2680714,0.21022860000000002,0.22734290000000001,0.32515,297.721428571,299.064285714,295.88,308.9,59.5,91.2,36.64,8.92857142857,27.1666666667,9.5,33.0,20.4,87.3
iq,2004,39,2004-09-23,0.39153330000000003,0.3207286,0.15958570000000002,0.33252859999999995,298.62857142900003,299.971428571,294.38285714299997,309.8,6.9,79.5571428571,48.68,13.2,28.0,13.5,34.7,18.8,20.1
iq,2004,40,2004-09-30,0.2754571,0.2193,0.26125709999999996,0.3283857,299.17,300.914285714,296.11571428599996,310.6,70.02,84.8071428571,85.69,11.6571428571,28.65,13.1,35.5,21.8,40.1
iq,2004,41,2004-10-07,0.2614714,0.1862429,0.30572859999999996,0.2577429,297.56857142900003,298.742857143,295.314285714,305.5,39.9,88.8257142857,52.27,8.82857142857,26.975,10.875,33.0,20.6,27.9
iq,2004,42,2004-10-14,0.35232859999999994,0.2841714,0.3764143,0.3553429,298.05714285700003,299.26428571400004,296.86714285700003,307.2,51.6,94.16,65.25,8.35714285714,28.55,11.3,34.5,21.4,120.6
iq,2004,43,2004-10-21,0.2538429,0.1996667,0.3036857,0.22355709999999998,299.428571429,300.921428571,296.29571428599996,309.6,23.1,85.0657142857,35.61,13.1571428571,27.7,9.55,35.6,22.4,13.0
iq,2004,44,2004-10-28,0.29532859999999994,0.2312286,0.2604,0.31977140000000004,298.44142857099996,299.94285714299997,295.907142857,312.3,48.5,87.87,74.01,12.3142857143,27.4,10.0,35.8,21.3,89.9
iq,2004,45,2004-11-04,0.4148857,0.3245571,0.2727429,0.36567140000000004,299.504285714,300.785714286,296.178571429,309.2,67.0,84.8271428571,91.63,10.6571428571,28.35,12.35,34.9,21.8,101.4
iq,2004,46,2004-11-11,0.3466857,0.3154143,0.2708571,0.3742,297.168571429,297.707142857,296.484285714,304.2,53.9,96.3542857143,74.68,5.92857142857,27.2,8.9,33.7,22.4,184.2
iq,2004,47,2004-11-18,0.2278714,0.1945,0.19091429999999998,0.2095571,299.418571429,301.23571428599996,296.097142857,309.3,26.8,84.6114285714,74.08,11.642857142899999,28.25,11.0,35.8,22.5,107.4
iq,2004,48,2004-11-25,0.2153167,0.1672857,0.2026286,0.2191286,297.958571429,299.2,297.02,306.1,56.8,95.2514285714,71.98,7.914285714289999,28.0,10.36,35.3,22.6,77.0
iq,2004,49,2004-12-02,0.20194289999999998,0.15936670000000003,0.1590429,0.24108569999999999,299.17714285700004,300.37857142900003,296.44,309.5,36.83,87.13,53.01,10.957142857100001,27.9,11.0,34.1,22.4,64.0
iq,2004,50,2004-12-09,0.32342859999999996,0.3095143,0.2758286,0.3359,297.787142857,298.835714286,296.57428571400004,305.8,91.0,93.9385714286,70.04,6.5,27.18578337208988,8.059328008627128,32.452437325905294,22.10214979195562,9.9
iq,2004,51,2004-12-16,0.2611429,0.20331429999999998,0.2437429,0.2363571,298.701428571,300.035714286,296.385714286,308.5,38.0,88.78,49.56,10.214285714299999,28.375,9.65,34.0,22.6,128.3
iq,2004,52,2004-12-23,0.3648625,0.3266,0.4031125,0.3162,298.404285714,299.657142857,297.122857143,306.3,29.79,93.25285714290001,109.83,8.22857142857,27.8,8.5,33.3,22.6,100.8
iq,2005,53,2005-01-01,0.1422935374167987,0.13055257610470083,0.20378318902580195,0.20230549071129708,298.7018524007227,299.22557794902906,295.2463564512932,303.42710926694326,40.15181881051176,82.161959098991,45.760388080388076,4.903754198774744,27.18578337208988,8.059328008627128,32.452437325905294,22.10214979195562,39.32635983263598
iq,2005,1,2005-01-08,0.3148429,0.1866286,0.3033,0.2704,298.162857143,300.007142857,296.712857143,307.9,61.61,93.0057142857,70.6,9.75714285714,28.5,9.1,33.2,23.0,74.9
iq,2005,2,2005-01-15,0.3044143,0.3612571,0.3126,0.3156286,297.662857143,298.842857143,296.727142857,307.6,96.21,95.53,93.73,7.22857142857,28.4,10.4,34.2,22.5,232.1
iq,2005,3,2005-01-22,0.3459333,0.3118,0.29100000000000004,0.33797140000000003,300.06857142900003,301.564285714,296.58,308.7,26.7,83.3,60.52,11.357142857100001,28.866666666700002,11.166666666700001,35.5,22.5,194.0
iq,2005,4,2005-01-29,0.3643667,0.2779143,0.2925571,0.2806857,299.648571429,301.107142857,296.93142857099997,308.1,42.24,87.31285714290001,25.67,9.985714285710001,28.866666666700002,12.066666666700002,35.1,22.1,0.0
iq,2005,5,2005-02-05,0.1582286,0.16725,0.15181429999999999,0.1266,299.06142857099996,300.828571429,296.907142857,308.4,47.3,89.4271428571,88.96,9.34285714286,28.525,10.725,35.4,22.2,3.8
iq,2005,6,2005-02-12,0.2151857,0.17281429999999998,0.2623,0.22835709999999998,296.75285714299997,297.69285714299997,295.995714286,304.4,56.8,95.97714285709999,52.61,5.18571428571,27.4666666667,8.73333333333,32.8,21.4,70.4
iq,2005,7,2005-02-19,0.1995,0.2024571,0.2189,0.18068570000000003,298.027142857,299.164285714,297.221428571,304.6,189.06,95.7485714286,125.35,6.985714285710001,27.5,9.5,32.3,22.3,350.9
iq,2005,8,2005-02-26,0.2011,0.20814290000000002,0.28121430000000003,0.2109,298.29571428599996,299.285714286,296.542857143,306.5,39.6,91.57714285709999,46.98,7.8571428571399995,28.65,10.9,35.2,22.4,84.1
iq,2005,9,2005-03-05,0.2937167,0.2696167,0.2308,0.2771,298.158571429,299.392857143,297.04571428599996,305.9,44.51,94.40142857139999,54.22,8.014285714289999,28.2666666667,9.2,33.8,23.3,19.0
iq,2005,10,2005-03-12,0.15584289999999998,0.1370833,0.2418714,0.1464286,297.957142857,298.685714286,297.528571429,304.9,201.4,97.68714285709999,155.54,4.82857142857,26.8,6.7,34.8,23.4,8.6
iq,2005,11,2005-03-19,0.2515167,0.1817667,0.15452860000000002,0.20995709999999998,297.314285714,298.678571429,295.85,304.5,21.7,92.2671428571,162.51,7.814285714289999,28.7,9.85,33.8,22.5,146.1
iq,2005,12,2005-03-26,0.2150714,0.2127,0.12092860000000001,0.23542860000000002,298.37,299.828571429,296.25142857099996,306.6,32.8,89.82,99.37,9.34285714286,27.72,8.96,33.4,22.5,108.8
iq,2005,13,2005-04-02,0.3816857,0.3683143,0.38377140000000004,0.3666571,297.37,298.585714286,296.088571429,308.6,67.5,93.8014285714,55.12,7.62857142857,28.25,10.85,34.3,20.8,73.9
iq,2005,14,2005-04-09,0.3091143,0.2173571,0.3001,0.2446571,297.708571429,299.0,296.23571428599996,306.5,68.0,92.41714285709999,87.41,8.45714285714,28.1,10.85,33.8,21.6,71.1
iq,2005,15,2005-04-16,0.1869333,0.14475710000000003,0.1957429,0.1824286,297.701428571,298.464285714,297.202857143,304.0,90.2,97.3228571429,40.03,6.41428571429,27.65,9.35,32.9,22.5,3.6
iq,2005,16,2005-04-23,0.2082833,0.16491670000000003,0.2776667,0.19626670000000002,297.437142857,298.19285714299997,296.961428571,306.4,178.2,97.3814285714,37.6,5.3571428571399995,28.85,10.05,34.0,22.7,105.6
iq,2005,17,2005-04-30,0.2141,0.2315333,0.16168570000000002,0.2017714,297.92714285700004,298.864285714,297.402857143,303.9,54.9,97.16285714290001,78.8,6.6428571428600005,28.6,9.1,33.8,23.7,14.5
iq,2005,18,2005-05-07,0.14653329999999998,0.1345833,0.13431429999999997,0.1880571,297.33,298.435714286,296.575714286,304.8,64.1,95.93714285709999,33.29,6.1,25.8,7.5,33.5,21.0,13.0
iq,2005,19,2005-05-14,0.2484333,0.2341,0.20206670000000002,0.1930667,298.684285714,299.721428571,296.341428571,306.7,54.89,88.2942857143,49.07,9.27142857143,27.9,11.6,34.6,21.0,28.0
iq,2005,20,2005-05-21,0.2700857,0.17375710000000003,0.21045709999999998,0.2297429,297.532857143,298.342857143,296.352857143,304.9,49.1,93.9185714286,56.22,7.54285714286,27.18578337208988,8.059328008627128,33.2,23.6,95.9
iq,2005,21,2005-05-28,0.3118143,0.3585429,0.2806571,0.24745709999999999,299.005714286,300.614285714,295.804285714,308.1,21.1,84.6585714286,43.14,10.9428571429,27.4,8.7,33.6,22.4,37.9
iq,2005,22,2005-06-04,0.3782857,0.3693714,0.3631857,0.36124290000000003,298.434285714,299.478571429,295.678571429,307.3,34.92,86.70142857139999,61.75,10.0142857143,27.18578337208988,8.059328008627128,33.9,20.9,78.9
iq,2005,23,2005-06-11,0.13951429999999998,0.1401,0.14235,0.11854289999999999,297.304285714,298.48571428599996,296.227142857,303.9,51.0,94.59285714290002,40.44,7.17142857143,27.1,9.166666666669999,32.4,22.0,19.5
iq,2005,24,2005-06-18,0.2890857,0.2256429,0.2247143,0.26512859999999994,297.377142857,298.62142857099997,295.32,304.8,29.01,89.19428571430001,104.83,8.52857142857,27.6666666667,9.833333333330001,33.3,22.0,73.7
iq,2005,25,2005-06-25,0.2915571,0.2460714,0.3518571,0.2604571,297.857142857,299.05714285700003,294.64428571400003,307.7,11.0,84.4671428571,50.88,10.4857142857,27.35,9.55,32.8,22.4,89.2
iq,2005,26,2005-07-02,0.2747143,0.1780143,0.2843143,0.2271714,296.82,298.492857143,294.408571429,307.4,26.6,88.38714285709999,23.6,10.7285714286,26.8333333333,8.76666666667,33.7,20.8,92.0
iq,2005,27,2005-07-09,0.2008,0.20106670000000001,0.1622667,0.2214,297.86571428599996,299.421428571,294.528571429,308.3,23.91,84.6928571429,43.24,11.1,27.8,10.7,34.5,21.6,40.9
iq,2005,28,2005-07-16,0.38692859999999996,0.3350571,0.3298429,0.4413429,296.988571429,297.592857143,292.23,308.2,8.7,77.3728571429,109.71,11.8142857143,27.8,11.1333333333,34.2,17.6,167.1
iq,2005,29,2005-07-23,0.1680286,0.1343286,0.1865571,0.1472571,297.794285714,298.928571429,292.455714286,307.7,8.9,75.6971428571,27.33,13.514285714300001,26.55,12.7,33.8,18.2,0.0
iq,2005,30,2005-07-30,0.3474857,0.2537,0.2769571,0.3653143,296.898571429,298.01428571400004,293.75,306.3,15.3,84.2385714286,42.32,10.0857142857,21.4,5.7,32.3,18.5,71.1
iq,2005,31,2005-08-06,0.32868569999999997,0.3132571,0.2262143,0.2740143,298.221428571,299.728571429,293.035714286,308.2,8.64,75.5714285714,0.0,11.485714285699999,26.25,10.6,32.3,19.2,0.0
iq,2005,32,2005-08-13,0.28264290000000003,0.2270286,0.2825571,0.239,298.92571428599996,300.335714286,293.64,309.7,1.99,74.8557142857,38.17,12.1857142857,27.325,11.85,33.5,19.8,36.6
iq,2005,33,2005-08-20,0.2669857,0.2939286,0.336,0.2924857,299.60571428599997,300.428571429,291.778571429,310.5,6.0,64.6585714286,17.85,14.2,27.18578337208988,8.059328008627128,32.8,17.3,69.6
iq,2005,34,2005-08-27,0.3288,0.2715571,0.2723,0.3005,298.428571429,299.678571429,294.945714286,309.0,15.82,83.8542857143,69.62,10.8142857143,27.75,13.1,35.0,20.3,127.0
iq,2005,35,2005-09-03,0.45683329999999994,0.3595833,0.35945,0.3801167,298.184285714,299.37142857099997,293.918571429,308.6,11.0,79.6471428571,12.81,10.9428571429,26.8,10.25,35.2,21.4,37.0
iq,2005,36,2005-09-10,0.33542859999999997,0.20071429999999998,0.3228857,0.3091429,300.05857142900004,301.214285714,294.005714286,309.3,4.2,71.9714285714,36.98,13.7142857143,27.18578337208988,8.059328008627128,32.452437325905294,21.8,44.0
iq,2005,37,2005-09-17,0.23942860000000002,0.2148714,0.2390429,0.2276,298.88,299.80714285700003,295.658571429,307.3,35.3,83.73,18.66,9.92857142857,27.18578337208988,8.059328008627128,32.452437325905294,22.10214979195562,1.3
iq,2005,38,2005-09-24,0.18456670000000003,0.19525710000000002,0.15438570000000001,0.2124833,298.49857142900004,299.76428571400004,293.555714286,309.1,13.7,76.5957142857,2.56,11.7857142857,25.7666666667,12.2333333333,34.3,16.9,38.1
iq,2005,39,2005-10-01,0.4054167,0.42877139999999997,0.3706,0.4210857,301.17571428599996,302.928571429,293.75285714299997,314.0,4.2,67.2128571429,29.8,14.828571428599998,28.65,13.5,37.1,20.7,39.32635983263598
iq,2005,40,2005-10-08,0.3321571,0.34636669999999997,0.2586143,0.3210429,299.11,300.25,293.897142857,312.7,4.6,74.9528571429,54.7,12.357142857100001,28.8,14.9,36.3,21.0,80.8
iq,2005,41,2005-10-15,0.37342859999999994,0.2774833,0.37422859999999997,0.3522714,299.515714286,300.857142857,294.385714286,313.2,22.2,75.50857142859999,60.0,11.6857142857,28.5,11.8,37.0,22.3,233.2
iq,2005,42,2005-10-22,0.3072571,0.2782143,0.35482859999999994,0.28695709999999996,299.578571429,301.19285714299997,295.768571429,310.5,35.08,81.69142857140001,73.97,12.2428571429,29.1,12.7,36.5,21.7,64.0
iq,2005,43,2005-10-29,0.36355709999999997,0.3000429,0.28982859999999994,0.3261429,298.065714286,299.164285714,295.802857143,307.4,59.7,89.14285714290001,100.06,8.64285714286,28.3,10.95,34.3,21.3,235.2
iq,2005,44,2005-11-05,0.1875714,0.2133714,0.1718571,0.1789571,299.458571429,301.478571429,296.805714286,308.6,49.85,87.23142857139999,59.15,10.7857142857,28.2333333333,10.3,34.3,21.8,102.1
iq,2005,45,2005-11-12,0.3938,0.29862859999999997,0.4019857,0.4103714,298.6,300.078571429,296.36,309.4,143.8,89.31,75.36,9.7,27.18578337208988,8.059328008627128,34.6,22.3,8.9
iq,2005,46,2005-11-19,0.4424286,0.3481714,0.3430714,0.47314290000000003,298.31,300.092857143,296.895714286,307.2,45.0,93.1771428571,49.87,8.55714285714,27.6,10.15,34.5,21.5,139.5
iq,2005,47,2005-11-26,0.28257140000000003,0.2206,0.2882143,0.24008569999999999,299.412857143,300.62857142900003,297.39428571400003,309.1,63.53,90.34857142860001,72.34,8.91428571429,28.5,11.0,35.0,21.8,5.1
iq,2005,48,2005-12-03,0.3178143,0.3027,0.3369429,0.4171286,299.42,300.45,296.612857143,307.6,34.95,86.40857142860001,78.52,9.72857142857,28.2666666667,11.4,34.3,21.7,77.9
iq,2005,49,2005-12-10,0.3585857,0.2194857,0.2579143,0.2992714,299.217142857,300.707142857,296.657142857,308.4,71.8,87.7214285714,60.5,9.1,28.1,12.5,34.8,21.5,54.1
iq,2005,50,2005-12-17,0.19844289999999998,0.1941,0.19301429999999997,0.247,298.57428571400004,300.257142857,297.187142857,307.0,46.9,92.9571428571,46.91,8.2,28.1,11.55,34.0,22.3,6.0
iq,2005,51,2005-12-24,0.180575,0.1413333,0.2552833,0.1383714,298.021428571,299.37142857099997,297.19142857099996,304.4,113.36,95.6742857143,151.0,6.485714285709999,28.3,9.9,33.6,22.9,81.1
iq,2006,52,2006-01-01,0.3546,0.21995,0.3225167,0.2563333,298.18142857099997,299.578571429,296.935714286,306.5,210.5,93.82142857139999,114.58,7.385714285710001,27.45,9.7,32.7,22.4,273.5
iq,2006,1,2006-01-08,0.19951429999999998,0.2393429,0.2276571,0.2155,298.832857143,299.642857143,292.87857142900003,307.8,15.2,73.16142857140001,38.78,12.3142857143,27.18578337208988,8.059328008627128,34.5,19.7,70.1
iq,2006,2,2006-01-15,0.2284,0.20207139999999998,0.19475,0.23035,298.728571429,300.3,296.37142857099997,307.7,47.6,88.33571428569999,138.46,9.885714285710002,27.78,11.0,34.5,21.4,60.1
iq,2006,3,2006-01-22,0.1743,0.13364289999999998,0.11175710000000001,0.1944286,298.46,300.114285714,296.321428571,307.3,52.2,89.9557142857,88.85,9.14285714286,27.18578337208988,8.059328008627128,33.8,21.5,54.8
iq,2006,4,2006-01-29,0.1517667,0.1377,0.1478,0.1607833,297.18857142900004,298.292857143,295.777142857,304.8,52.2,93.11428571430001,49.32,6.21428571429,27.3,8.95,33.5,22.3,250.9
iq,2006,5,2006-02-05,0.3791143,0.30532859999999995,0.34597140000000004,0.37157140000000005,297.16571428599997,298.221428571,296.647142857,302.7,63.98,97.32,34.17,5.52857142857,27.18578337208988,8.059328008627128,33.7,21.5,118.9
iq,2006,6,2006-02-12,0.2568143,0.13605,0.1978286,0.2583143,297.64,298.37857142900003,296.80857142900004,304.2,67.0,95.82714285709999,71.87,5.78571428571,28.0,8.8,32.6,23.6,101.1
iq,2006,7,2006-02-19,0.3827,0.2506,0.2436571,0.2856,297.064285714,298.142857143,295.364285714,305.2,33.0,91.09857142860001,44.35,7.285714285710001,28.6,8.9,33.8,24.2,0.0
iq,2006,8,2006-02-26,0.2621143,0.1248,0.2153571,0.14478570000000002,298.93857142900004,300.778571429,295.961428571,308.3,72.2,86.0314285714,23.44,10.7857142857,28.24,10.64,34.3,21.3,0.3
iq,2006,9,2006-03-05,0.1786667,0.19593329999999998,0.14126670000000002,0.12828330000000002,298.25285714299997,299.87142857099997,296.76428571400004,306.9,50.38,92.6057142857,79.13,8.02857142857,27.4333333333,9.566666666669999,32.9,21.9,26.9
iq,2006,10,2006-03-12,0.4246286,0.4113,0.3731857,0.3158571,297.92571428599996,299.107142857,297.207142857,304.0,130.6,96.36,94.99,6.41428571429,28.0,9.55,33.3,21.9,93.0
iq,2006,11,2006-03-19,0.1924286,0.1158857,0.1940571,0.1712714,297.93142857099997,299.007142857,296.581428571,305.3,58.83,93.3471428571,121.69,7.014285714289999,27.975,9.2,33.7,22.4,16.0
iq,2006,12,2006-03-26,0.2885667,0.17954,0.2972714,0.2236429,297.494285714,298.785714286,296.29571428599996,305.3,70.0,93.7871428571,120.62,7.34285714286,27.4,8.7,32.3,23.0,97.0
iq,2006,13,2006-04-02,0.24505,0.18885,0.22353330000000002,0.18166670000000001,298.04,299.23571428599996,297.067142857,304.9,88.81,95.0242857143,121.46,6.95714285714,28.3,10.0,33.7,22.0,53.9
iq,2006,14,2006-04-09,0.24167139999999998,0.2054,0.15601429999999997,0.2833143,297.77428571400003,299.44285714299997,296.047142857,308.3,87.9,91.8114285714,41.68,9.57142857143,27.9333333333,10.266666666699999,33.7,22.6,178.1
iq,2006,15,2006-04-16,0.30112859999999997,0.2650571,0.2553143,0.2626857,297.825714286,298.814285714,296.965714286,305.5,66.46,95.51,75.33,7.42857142857,28.3,10.3,33.9,21.4,49.0
iq,2006,16,2006-04-23,0.3309,0.2654714,0.3195571,0.2849429,298.06142857099996,299.178571429,296.457142857,306.4,54.86,92.1114285714,69.6,7.44285714286,27.4,8.35,32.8,22.5,11.9
iq,2006,17,2006-04-30,0.2055714,0.23605,0.19191429999999998,0.1393714,296.85,297.707142857,295.051428571,305.3,39.6,90.86428571430001,74.93,7.75714285714,27.0,8.46666666667,33.5,19.5,34.0
iq,2006,18,2006-05-07,0.1516,0.0846,0.17631429999999998,0.1137286,297.63,299.021428571,296.38428571400004,306.3,38.84,93.63571428569999,65.07,8.41428571429,27.85,9.1,33.3,22.5,115.0
iq,2006,19,2006-05-14,0.2866571,0.18715710000000002,0.2665143,0.28745709999999997,296.184285714,297.55714285700003,295.452857143,304.3,70.0,96.09857142860001,127.24,6.62857142857,24.3,5.2,32.3,21.7,270.9
iq,2006,20,2006-05-21,0.3392857,0.3482857,0.31582859999999996,0.37457140000000005,296.054285714,296.914285714,290.088571429,305.6,0.1,72.0342857143,1.52,12.371428571400001,25.2,11.7,31.7,19.4,2.0
iq,2006,21,2006-05-28,0.2065143,0.11714289999999998,0.1692714,0.17007139999999998,297.992857143,299.114285714,293.777142857,307.7,12.47,80.38571428569999,91.4,10.885714285699999,27.4666666667,10.4333333333,34.0,21.7,83.0
iq,2006,22,2006-06-04,0.09837143,0.1010667,0.1863143,0.09775,295.987142857,297.171428571,294.55714285700003,304.1,44.65,92.5057142857,79.48,6.885714285710001,25.6,8.933333333330001,31.9,19.3,150.2
iq,2006,23,2006-06-11,0.3404429,0.1908571,0.3513429,0.2586143,297.044285714,298.564285714,295.695714286,307.2,37.6,93.4757142857,130.66,8.9,26.2,8.6,33.0,21.5,105.2
iq,2006,24,2006-06-18,0.1732714,0.185,0.1369286,0.1680429,297.42714285700004,298.135714286,294.75,307.2,21.5,87.2142857143,84.99,10.0714285714,28.1,12.7,34.4,21.4,79.5
iq,2006,25,2006-06-25,0.22138000000000002,0.22336,0.3714167,0.22146,296.724285714,297.978571429,294.275714286,306.3,27.29,88.4714285714,71.69,10.7857142857,26.6,10.35,32.5,20.4,74.9
iq,2006,26,2006-07-02,0.3118571,0.20393329999999998,0.33602859999999996,0.30462859999999997,296.851428571,297.614285714,293.517142857,307.2,9.16,83.4671428571,17.21,10.7428571429,27.2,10.3,33.4,19.8,21.9
iq,2006,27,2006-07-09,0.32017140000000005,0.2081,0.2921143,0.2326857,296.448571429,297.914285714,294.592857143,304.8,13.62,90.4328571429,20.72,7.97142857143,26.7,9.4,33.0,21.7,110.6
iq,2006,28,2006-07-16,0.3499857,0.2920429,0.28845709999999997,0.2949167,297.62142857099997,298.857142857,292.832857143,306.7,1.8,77.27142857140001,1.17,11.4285714286,26.25,10.4,33.1,20.6,0.5
iq,2006,29,2006-07-23,0.3602857,0.341,0.3629571,0.3211286,297.397142857,299.085714286,294.258571429,307.3,40.0,85.14,54.72,11.0,27.4,12.125,34.1,19.9,47.0
iq,2006,30,2006-07-30,0.3186857,0.3523429,0.3766429,0.2859,297.504285714,298.742857143,293.26,307.7,15.4,79.7428571429,28.66,11.7142857143,26.6,11.04,32.6,18.5,11.4
iq,2006,31,2006-08-06,0.20168570000000002,0.1625571,0.2003286,0.20155710000000002,297.51,299.342857143,295.2,308.4,38.07,88.7071428571,44.96,11.228571428599999,27.225,11.625,34.2,19.7,4.0
iq,2006,32,2006-08-13,0.4397857,0.3675857,0.3333143,0.3809857,297.5,299.51428571400004,293.08,308.9,12.39,79.2428571429,11.79,12.228571428599999,27.6,12.2,33.9,19.4,26.6
iq,2006,33,2006-08-20,0.2908,0.238675,0.2856571,0.3337,298.648571429,300.635714286,295.54571428599996,307.9,22.19,84.62,47.74,10.2714285714,27.6666666667,10.4333333333,33.3,20.9,75.5
iq,2006,34,2006-08-27,0.2736429,0.20894290000000001,0.2408857,0.2427571,298.73571428599996,299.73571428599996,295.14428571400003,308.7,23.6,83.0471428571,68.6,11.271428571400001,27.3,10.3,34.9,20.9,71.1
iq,2006,35,2006-09-03,0.3097833,0.35012859999999996,0.28468330000000003,0.39481669999999996,298.28,299.9,295.272857143,310.0,22.24,85.3728571429,68.0,11.171428571400002,26.5,10.0333333333,33.2,20.3,176.0
iq,2006,36,2006-09-10,0.2277857,0.2833143,0.2443714,0.2834143,299.265714286,300.35,293.902857143,310.3,9.4,75.53,90.33,13.728571428599999,27.42,12.0,34.1,20.6,15.3
iq,2006,37,2006-09-17,0.28004,0.2367167,0.2361833,0.25855,297.802857143,299.164285714,293.037142857,308.7,16.4,77.2542857143,111.87,11.328571428599998,28.35,11.85,35.0,17.8,0.5
iq,2006,38,2006-09-24,0.3807286,0.3783667,0.3023,0.30757140000000005,299.34,300.857142857,294.35,311.2,35.7,77.5142857143,82.2,13.7428571429,27.9333333333,10.933333333299998,34.8,21.4,93.9
iq,2006,39,2006-10-01,0.4655,0.2415429,0.4734,0.4934429,299.38142857099996,300.685714286,295.738571429,308.6,44.62,82.8457142857,134.64,11.2857142857,28.5666666667,12.4,35.2,22.0,63.0
iq,2006,40,2006-10-08,0.35495,0.2479333,0.3508143,0.3139167,299.465714286,300.435714286,295.16,310.3,24.8,80.49,60.48,12.7857142857,28.7,14.5,35.9,21.1,68.9
iq,2006,41,2006-10-15,0.15561670000000002,0.19152,0.2151857,0.15461429999999998,299.345714286,301.028571429,296.75142857099996,309.5,29.5,86.8528571429,41.69,12.0571428571,28.06,10.1,33.7,22.1,162.6
iq,2006,42,2006-10-22,0.3215,0.2769,0.2100857,0.3337571,299.648571429,301.01428571400004,297.76428571400004,308.1,55.5,90.37857142860001,103.77,8.57142857143,28.6,10.1,35.4,22.8,8.1
iq,2006,43,2006-10-29,0.4882286,0.3681429,0.4377429,0.37882859999999996,298.794285714,300.414285714,296.661428571,308.3,54.8,89.7,55.94,9.34285714286,27.56,10.42,33.8,19.8,143.3
iq,2006,44,2006-11-05,0.36032859999999994,0.2740143,0.3477143,0.3247857,300.467142857,301.87857142900003,296.88285714299997,309.8,42.73,82.9342857143,67.5,11.614285714300001,28.8333333333,11.2666666667,35.7,22.0,14.0
iq,2006,45,2006-11-12,0.29512859999999996,0.24638569999999999,0.30207140000000005,0.27699999999999997,299.432857143,300.914285714,297.852857143,307.8,68.0,92.0885714286,80.25,8.2,28.25,9.55,33.9,22.4,108.7
iq,2006,46,2006-11-19,0.3191429,0.18628570000000003,0.2737,0.24702860000000001,297.29571428599996,298.435714286,296.201428571,304.5,87.2,94.44,86.65,7.3571428571399995,27.6,10.1666666667,33.2,21.8,85.6
iq,2006,47,2006-11-26,0.3405571,0.26625709999999997,0.34272859999999994,0.3283857,298.098571429,299.55714285700003,296.961428571,307.3,61.43,94.30285714290001,43.59,7.37142857143,27.0,9.0,32.3,22.5,205.3
iq,2006,48,2006-12-03,0.1504714,0.1515714,0.1926,0.1557286,299.197142857,300.935714286,296.988571429,309.1,61.28,89.55,75.33,10.7571428571,27.9,9.03333333333,34.9,22.9,115.1
iq,2006,49,2006-12-10,0.44708329999999996,0.3015143,0.3405714,0.4276,298.202857143,299.2,297.608571429,304.6,95.02,96.7957142857,99.89,6.914285714289999,28.4,8.8,33.7,23.2,10.9
iq,2006,50,2006-12-17,0.3785,0.3020333,0.34922859999999994,0.4147857,298.158571429,299.071428571,297.351428571,304.4,63.0,95.8757142857,157.75,6.4,27.18578337208988,8.059328008627128,33.8,22.10214979195562,39.32635983263598
iq,2006,51,2006-12-24,0.32782,0.26192,0.3814667,0.35295,297.68,298.98571428599996,296.72571428599997,306.7,80.2,95.0785714286,111.48,6.54285714286,27.18578337208988,8.059328008627128,32.9,23.5,39.32635983263598
iq,2007,1,2007-01-01,0.2201167,0.15895710000000002,0.1905714,0.1324,297.288571429,298.207142857,296.517142857,306.3,88.9,95.9271428571,79.94,7.414285714289999,26.6,7.95,31.9,21.5,133.4
iq,2007,2,2007-01-08,0.17328570000000001,0.20693330000000001,0.1343,0.2379571,297.104285714,298.578571429,296.388571429,304.6,144.59,96.23857142860001,37.06,6.72857142857,26.825,7.725,31.7,22.9,61.5
iq,2007,3,2007-01-15,0.2719,0.2938,0.2094143,0.2523,297.387142857,298.435714286,296.388571429,305.5,52.2,94.6471428571,126.89,7.04285714286,27.775,9.55,33.4,22.2,178.0
iq,2007,4,2007-01-22,0.1936714,0.1394714,0.2619,0.3068571,297.614285714,298.45,297.025714286,303.7,180.99,96.99714285709999,95.47,5.52857142857,27.7,9.12,33.6,22.0,149.9
iq,2007,5,2007-01-29,0.17441429999999997,0.1805,0.1590714,0.20031429999999997,298.14428571400003,299.614285714,296.77428571400003,307.8,65.1,93.13571428569999,83.7,9.0,27.725,10.3,35.0,22.3,60.3
iq,2007,6,2007-02-05,0.3175,0.4014857,0.3285429,0.4429286,298.33,299.685714286,295.77,309.7,11.7,87.53,61.8,10.714285714299999,28.6,10.9,35.4,22.4,9.9
iq,2007,7,2007-02-12,0.2858,0.2957,0.2570286,0.31957140000000006,299.171428571,300.285714286,294.15,308.7,2.1,75.80428571430001,14.19,11.228571428599999,28.85,13.0333333333,36.7,21.4,61.3
iq,2007,8,2007-02-19,0.25701430000000003,0.11823330000000001,0.17908570000000001,0.2372286,300.565714286,302.178571429,294.16571428599997,310.2,11.55,72.44571428569999,25.7,13.1857142857,28.74,13.36,36.2,21.2,0.0
iq,2007,9,2007-02-26,0.1735,0.19963329999999999,0.1745,0.16591670000000003,299.05857142900004,300.635714286,294.29,309.2,35.33,78.58571428569999,55.56,11.5571428571,28.56,13.34,35.8,20.4,28.0
iq,2007,10,2007-03-05,0.21600000000000003,0.2136,0.18891429999999998,0.2275286,297.45,298.714285714,296.317142857,305.8,227.25,94.34857142860001,117.07,7.37142857143,27.3,9.9,33.0,21.9,205.3
iq,2007,11,2007-03-12,0.3033167,0.2850333,0.2571429,0.2926143,296.951428571,298.1,296.301428571,303.8,51.3,96.52285714290001,55.47,6.11428571429,28.0,10.1,33.1,21.7,138.0
iq,2007,12,2007-03-19,0.21324,0.2231286,0.26437140000000003,0.22182860000000001,297.684285714,298.728571429,295.89,305.4,59.2,90.8585714286,150.33,8.17142857143,27.0,10.65,33.9,21.7,252.7
iq,2007,13,2007-03-26,0.2386714,0.2447429,0.2162286,0.2591857,297.835714286,299.15,296.56,307.2,58.4,93.58571428569999,93.14,8.24285714286,28.25,9.6,34.6,21.5,66.1
iq,2007,14,2007-04-02,0.2381,0.1912,0.2749571,0.2738,297.717142857,298.80714285700003,296.921428571,305.5,238.2,95.82,97.04,6.61428571429,27.2666666667,8.833333333330001,34.0,22.6,94.3
iq,2007,15,2007-04-09,0.1525167,0.14948570000000003,0.22941430000000002,0.1575571,297.555714286,298.592857143,296.68857142900004,304.1,147.57,95.52714285709999,98.94,6.72857142857,27.85,8.85,34.4,21.3,60.4
iq,2007,16,2007-04-16,0.1430857,0.20715709999999998,0.16845710000000003,0.2743143,297.031428571,298.092857143,296.01428571400004,304.8,46.45,94.7214285714,93.62,7.52857142857,27.4,9.5,33.5,22.1,97.1
iq,2007,17,2007-04-23,0.27137140000000004,0.18365710000000002,0.203,0.3006,297.342857143,298.278571429,296.50285714299997,304.9,62.3,95.52571428569999,157.86,7.3,27.0333333333,7.766666666669999,34.1,22.0,261.7
iq,2007,18,2007-04-30,0.19471429999999998,0.1541,0.2957143,0.1730857,297.22571428599997,298.071428571,295.94285714299997,304.7,47.24,93.47,103.39,7.37142857143,27.85,9.75,33.0,21.0,118.2
iq,2007,19,2007-05-07,0.1582571,0.16228570000000003,0.1830714,0.2322714,296.905714286,298.221428571,295.994285714,306.6,56.1,95.0371428571,89.15,9.35714285714,28.1,9.2,33.5,21.5,38.1
iq,2007,20,2007-05-14,0.17018570000000002,0.1714,0.162,0.22907139999999998,295.595714286,296.5,294.012857143,304.4,86.9,91.83285714290001,45.23,8.31428571429,28.1,8.7,32.5,19.0,191.4
iq,2007,21,2007-05-21,0.3646143,0.2568286,0.3299,0.3496857,297.232857143,298.707142857,296.168571429,307.3,65.6,94.8528571429,64.11,8.95714285714,28.25,10.55,33.8,21.7,86.6
iq,2007,22,2007-05-28,0.09005714,0.08222857,0.11105710000000002,0.06474286,296.178571429,297.185714286,294.038571429,306.8,29.1,89.28,76.68,10.2,24.7,10.633333333300001,32.8,17.5,61.8
iq,2007,23,2007-06-04,0.2085,0.25695,0.2148833,0.23385709999999998,296.861428571,298.242857143,295.23,305.2,33.48,91.72,39.11,9.0,26.5,9.7,31.3,20.4,0.5
iq,2007,24,2007-06-11,0.3420714,0.2853,0.3405571,0.30122859999999996,296.65,298.171428571,294.928571429,304.8,30.9,91.45857142860001,54.78,9.91428571429,26.6,9.65,32.6,20.7,12.9
iq,2007,25,2007-06-18,0.1667,0.1207857,0.1729714,0.1659,296.11857142900004,297.385714286,294.971428571,304.4,70.3,94.0657142857,78.83,6.885714285710001,25.9666666667,7.6,32.0,21.2,126.0
iq,2007,26,2007-06-25,0.1534571,0.1744571,0.20221429999999999,0.1292571,296.571428571,298.01428571400004,295.178571429,305.0,22.8,92.6714285714,11.41,8.77142857143,26.5666666667,8.63333333333,31.7,20.7,10.2
iq,2007,27,2007-07-02,0.1814429,0.2692286,0.19345710000000002,0.20994290000000002,296.828571429,298.114285714,292.17714285700004,305.8,1.4,78.0742857143,1.59,12.228571428599999,25.9,10.5666666667,32.0,19.6,39.32635983263598
iq,2007,28,2007-07-09,0.3217667,0.2734,0.2545,0.3513,297.385714286,299.007142857,293.93142857099997,306.9,13.04,83.3871428571,18.78,10.871428571400001,26.75,10.375,32.7,19.9,54.1
iq,2007,29,2007-07-16,0.30755709999999997,0.3397,0.36424290000000004,0.3648429,296.05857142900004,296.75,294.94142857099996,303.6,39.52,94.24714285709999,26.29,7.72857142857,26.5333333333,7.833333333330001,31.3,20.9,22.9
iq,2007,30,2007-07-23,0.35897140000000005,0.4017571,0.2960857,0.4225,297.64,299.078571429,294.345714286,308.2,11.64,84.1557142857,27.91,12.357142857100001,27.35,10.1,33.2,20.7,11.9
iq,2007,31,2007-07-30,0.4172286,0.36992859999999994,0.36697140000000006,0.4898714,296.724285714,297.935714286,293.0,305.6,25.5,82.5714285714,70.88,11.5,24.25,9.75,34.0,16.4,55.9
iq,2007,32,2007-08-06,0.2782429,0.2361286,0.2923,0.2669571,297.82,299.342857143,292.708571429,308.2,6.08,76.61857142859999,35.77,12.771428571400001,26.475,12.0,32.7,17.2,30.3
iq,2007,33,2007-08-13,0.2666667,0.2719333,0.2438857,0.19645710000000002,298.091428571,298.94285714299997,294.07285714299996,308.0,9.21,80.9357142857,36.78,9.71428571429,26.9,11.0,33.1,21.3,76.5
iq,2007,34,2007-08-20,0.33937140000000005,0.35697140000000005,0.32912859999999994,0.3687143,298.785714286,300.671428571,294.195714286,308.1,12.4,79.33428571430001,9.06,11.5714285714,27.125,10.825,33.3,19.9,22.1
iq,2007,35,2007-08-27,0.27878569999999997,0.2463571,0.2349857,0.3737429,300.667142857,301.592857143,293.124285714,312.4,12.8,67.7571428571,30.26,13.385714285699999,27.05,12.175,34.7,19.9,0.0
iq,2007,36,2007-09-03,0.27955,0.2826857,0.3277143,0.3280571,297.098571429,298.357142857,295.682857143,304.4,56.85,92.65714285709998,76.28,7.885714285710001,26.3,7.9,34.0,20.9,37.1
iq,2007,37,2007-09-10,0.2888167,0.28895709999999997,0.2660714,0.3393,298.56,300.12142857099997,295.162857143,308.6,26.2,84.4128571429,49.85,12.1571428571,26.9,10.625,32.9,21.4,150.9
iq,2007,38,2007-09-17,0.31565709999999997,0.3545,0.3326429,0.4172,298.508571429,300.714285714,295.83428571400003,309.2,34.27,86.7071428571,58.22,12.4,27.2,10.833333333299999,33.0,21.6,16.3
iq,2007,39,2007-09-24,0.2309,0.23634290000000002,0.2308857,0.3128,299.698571429,301.428571429,295.3,310.6,10.3,78.5642857143,59.79,13.8,27.8333333333,11.7,34.1,21.1,34.0
iq,2007,40,2007-10-01,0.3199714,0.2544167,0.3151,0.29347140000000005,298.281428571,299.821428571,296.287142857,310.8,73.33,89.8442857143,37.28,9.1,28.4,12.65,35.5,21.6,107.9
iq,2007,41,2007-10-08,0.3851857,0.4050714,0.3106286,0.4381286,299.575714286,301.385714286,295.447142857,309.6,38.28,80.45,39.09,11.6,28.4,10.6,34.2,21.8,145.1
iq,2007,42,2007-10-15,0.2251286,0.1505143,0.1959857,0.2383857,299.444285714,300.828571429,296.587142857,310.2,86.4,86.7057142857,74.52,9.82857142857,29.0,12.3,35.2,21.9,4.1
iq,2007,43,2007-10-22,0.40347140000000004,0.3202286,0.4087,0.4229,296.971428571,298.19285714299997,295.96,305.1,67.93,94.7814285714,106.73,7.75714285714,26.9,9.36666666667,32.1,20.9,79.3
iq,2007,44,2007-10-29,0.2657429,0.2856,0.2923143,0.2469143,297.83,299.664285714,296.978571429,306.3,67.47,95.59285714290002,51.28,9.35714285714,27.0,9.36666666667,34.0,21.6,0.0
iq,2007,45,2007-11-05,0.3334571,0.32425709999999996,0.2469,0.33112859999999994,299.478571429,300.55714285700003,296.24857142900004,308.5,50.6,84.85,69.88,9.485714285710001,28.7,11.433333333299998,34.8,22.5,22.1
iq,2007,46,2007-11-12,0.1784286,0.12875,0.2167714,0.1853,298.13428571400004,299.742857143,296.83,308.6,103.3,93.55428571430001,109.5,8.68571428571,27.675,10.85,33.5,21.6,111.3
iq,2007,47,2007-11-19,0.2284714,0.18865710000000002,0.2345571,0.1996714,297.68142857099997,298.37142857099997,296.93857142900004,305.7,124.2,96.2142857143,52.27,5.74285714286,26.62,7.86,33.3,21.8,80.0
iq,2007,48,2007-11-26,0.16564,0.1793,0.1276,0.18191429999999997,297.88,299.328571429,297.217142857,305.2,65.57,96.52285714290001,129.33,6.94285714286,27.125,8.35,32.3,22.4,293.1
iq,2007,49,2007-12-03,0.29937140000000007,0.3367143,0.2615857,0.3498429,298.52,299.607142857,296.904285714,305.5,57.8,91.6542857143,73.16,8.3,27.9,10.0,33.0,22.8,142.0
iq,2007,50,2007-12-10,0.3138333,0.2335143,0.2426,0.29374290000000003,299.048571429,300.271428571,296.261428571,307.8,42.68,86.7557142857,83.39,9.91428571429,28.85,10.25,34.2,22.6,23.1
iq,2007,51,2007-12-17,0.2698,0.2756857,0.2755143,0.23671430000000002,297.141428571,298.242857143,296.397142857,306.6,89.72,96.0742857143,146.13,5.68571428571,27.625,9.0,32.9,22.4,261.3
iq,2007,52,2007-12-24,0.1992,0.19476670000000001,0.17111110000000002,0.23082220000000003,297.64,298.728571429,296.36857142900004,304.9,62.14,93.4685714286,53.57,7.42857142857,27.7,8.75,32.1,21.7,28.1
iq,2008,1,2008-01-01,0.19147139999999999,0.15541429999999998,0.17601429999999998,0.1872429,299.277142857,300.535714286,294.668571429,308.2,21.4,78.67,19.95,10.7285714286,28.275,11.575,36.0,21.5,39.32635983263598
iq,2008,2,2008-01-08,0.4449333,0.27585,0.3569,0.4697286,296.095714286,296.535714286,295.2,302.1,62.61,95.28,71.84,5.1,25.8,6.3,31.4,22.6,104.4
iq,2008,3,2008-01-15,0.1882286,0.2208286,0.2332429,0.1699714,298.034285714,299.478571429,297.09,305.5,63.92,94.9685714286,95.97,8.58571428571,27.4333333333,9.46666666667,33.8,21.8,125.3
iq,2008,4,2008-01-22,0.27797140000000004,0.32492859999999996,0.2219143,0.29567140000000003,297.207142857,298.342857143,296.25,304.8,93.43,95.1257142857,102.59,5.97142857143,27.18578337208988,8.059328008627128,31.3,21.9,46.3
iq,2008,5,2008-01-29,0.35195,0.37057140000000005,0.3138,0.40297140000000004,298.398571429,299.971428571,297.011428571,307.6,66.0,93.0,110.0,9.08571428571,27.5666666667,8.9,32.2,22.8,121.2
iq,2008,6,2008-02-05,0.2256429,0.17075,0.1981,0.1860714,299.49,300.76428571400004,294.62857142900003,308.4,28.0,78.13142857140001,38.72,11.5571428571,27.866666666700002,11.1,34.5,20.5,5.1
iq,2008,7,2008-02-12,0.17394289999999998,0.1989167,0.1684286,0.17342860000000002,297.77,299.171428571,296.922857143,306.0,103.22,95.7071428571,47.23,6.71428571429,26.6,8.03333333333,31.7,22.1,9.2
iq,2008,8,2008-02-19,0.24095,0.2236,0.1620429,0.1874429,297.095714286,298.321428571,295.608571429,304.1,33.9,92.37,122.64,7.614285714289999,28.0,10.8,33.4,22.0,115.3
iq,2008,9,2008-02-26,0.3493143,0.2227286,0.2677286,0.38787140000000003,296.964285714,297.721428571,296.38142857099996,302.3,70.83,96.9271428571,101.33,5.41428571429,26.85,8.35,32.5,22.5,127.6
iq,2008,10,2008-03-04,0.16974289999999997,0.1386667,0.17005710000000002,0.2008429,297.754285714,299.335714286,295.52,307.9,39.1,88.97285714290001,210.83,8.95714285714,27.18,8.88,33.3,21.9,119.6
iq,2008,11,2008-03-11,0.1292429,0.1729571,0.12602860000000002,0.15065710000000002,298.017142857,299.592857143,295.9,305.5,32.17,89.26857142860001,96.05,9.014285714289999,26.25,7.8,33.2,22.2,64.4
iq,2008,12,2008-03-18,0.2383333,0.2327286,0.12394289999999998,0.20007139999999998,296.755714286,297.992857143,295.47571428599997,305.0,90.5,93.45142857139999,91.87,7.214285714289999,27.18578337208988,8.059328008627128,31.7,22.0,100.9
iq,2008,13,2008-03-25,0.3366,0.3042143,0.3229,0.3773143,297.094285714,297.992857143,295.948571429,303.7,53.36,94.0742857143,62.13,6.55714285714,26.9,8.26666666667,31.7,22.6,282.7
iq,2008,14,2008-04-01,0.2700833,0.1902714,0.19065710000000002,0.2151571,297.694285714,298.842857143,295.854285714,305.4,24.9,90.9571428571,107.0,8.6,27.866666666700002,9.0,33.4,22.5,21.1
iq,2008,15,2008-04-08,0.2843571,0.3536714,0.3217857,0.30282859999999995,297.537142857,298.9,296.63285714299997,306.1,99.96,95.15714285709998,71.45,7.4,28.3,9.0,32.8,21.0,53.1
iq,2008,16,2008-04-15,0.3026143,0.24467139999999998,0.29631430000000003,0.32875709999999997,297.447142857,298.664285714,295.935714286,305.5,45.96,92.1242857143,79.74,7.785714285710001,26.8,8.1,33.6,21.7,61.0
iq,2008,17,2008-04-22,0.2706,0.3713143,0.34422859999999994,0.28307140000000003,296.76,297.414285714,296.38285714299997,301.9,62.52,97.9714285714,42.05,4.88571428571,26.65,7.7,33.0,21.6,85.9
iq,2008,18,2008-04-29,0.06172857,0.1339,0.09471429,0.11784289999999999,298.07285714299996,299.414285714,296.741428571,306.3,115.99,93.66285714290001,42.12,8.68571428571,27.866666666700002,8.0,32.5,22.7,31.2
iq,2008,19,2008-05-06,0.1361571,0.16315710000000003,0.1391571,0.1345571,295.97571428599997,296.87142857099997,294.66571428599997,304.5,47.1,93.15857142860001,50.5,6.97142857143,26.6,8.96666666667,32.4,20.6,18.0
iq,2008,20,2008-05-13,0.19638570000000002,0.29632,0.2641571,0.2255857,294.85,295.421428571,293.244285714,304.4,18.08,91.5042857143,30.08,7.385714285710001,26.1666666667,7.9,31.0,18.0,6.1
iq,2008,21,2008-05-20,0.22101669999999998,0.2353167,0.1804429,0.1994714,296.268571429,296.935714286,295.638571429,303.4,59.4,96.62142857139999,45.69,5.95714285714,26.35,8.85,31.5,21.4,58.2
iq,2008,22,2008-05-27,0.12245,0.1571,0.086,0.1033143,296.741428571,297.69285714299997,295.994285714,304.1,134.66,96.02571428569999,72.04,5.75714285714,27.2,9.2,32.3,21.7,76.1
iq,2008,23,2008-06-03,0.19518570000000002,0.15771429999999997,0.1844286,0.1336143,296.4,297.357142857,295.21,304.4,73.01,93.9828571429,30.09,6.77142857143,26.9,7.55,31.1,20.4,13.6
iq,2008,24,2008-06-10,0.29374290000000003,0.2643667,0.2466286,0.29195709999999997,296.187142857,297.364285714,293.891428571,305.8,12.9,88.81,13.27,9.3,27.18578337208988,8.059328008627128,32.452437325905294,17.8,6.4
iq,2008,25,2008-06-17,0.2240286,0.1754714,0.2656571,0.2452143,296.742857143,297.65,295.934285714,304.4,57.87,95.86,111.18,6.95714285714,27.18578337208988,8.059328008627128,32.452437325905294,21.0,79.8
iq,2008,26,2008-06-24,0.1970429,0.2779833,0.21394290000000002,0.2656143,296.458571429,297.25,295.19285714299997,304.8,61.8,93.7957142857,89.88,7.385714285710001,27.18578337208988,8.059328008627128,32.452437325905294,18.0,93.5
iq,2008,27,2008-07-01,0.30482859999999995,0.2336714,0.2489143,0.2558143,296.542857143,297.80714285700003,293.83,304.9,9.4,86.5242857143,0.0,9.44285714286,27.18578337208988,8.059328008627128,32.452437325905294,20.8,1.3
iq,2008,28,2008-07-08,0.15385,0.14958570000000002,0.3294429,0.13288570000000002,296.54571428599996,297.478571429,293.594285714,305.9,7.47,85.6557142857,0.0,9.27142857143,27.18578337208988,8.059328008627128,32.452437325905294,21.0,0.0
iq,2008,29,2008-07-15,0.2323857,0.21395709999999998,0.2203,0.1984286,296.078571429,297.407142857,294.69142857099996,304.6,27.33,93.05571428569999,62.84,8.44285714286,27.18578337208988,8.059328008627128,32.452437325905294,21.0,44.2
iq,2008,30,2008-07-22,0.3270167,0.2091167,0.2837667,0.30955,296.54571428599996,297.314285714,295.00285714299997,306.8,47.59,92.77714285709999,52.36,8.6,26.6,9.775,32.4,20.8,18.1
iq,2008,31,2008-07-29,0.3548,0.34655,0.2674167,0.3921167,297.044285714,298.5,295.37,307.5,39.0,92.04857142860001,44.63,9.77142857143,26.68,11.24,33.4,20.6,36.4
iq,2008,32,2008-08-05,0.2002,0.2513857,0.2113429,0.1997286,297.31,298.571428571,295.505714286,307.4,143.35,91.09285714290002,32.45,9.74285714286,27.4,12.1,34.2,18.5,18.1
iq,2008,33,2008-08-12,0.4303714,0.4330143,0.4369143,0.4657286,297.214285714,298.5,295.347142857,305.6,39.69,90.72714285709999,26.03,9.34285714286,27.9,11.225,34.8,19.8,11.0
iq,2008,34,2008-08-19,0.2833,0.30447140000000006,0.2744571,0.3805,299.228571429,300.30714285700003,294.418571429,310.2,33.0,78.2771428571,12.88,13.5571428571,28.0,14.075,38.6,19.2,7.9
iq,2008,35,2008-08-26,0.3181857,0.3197667,0.30817140000000004,0.3236,298.57428571400004,300.142857143,295.092857143,310.4,37.0,84.49142857140001,58.2,10.7428571429,27.8333333333,12.5333333333,35.1,20.4,44.0
iq,2008,36,2008-09-02,0.3398,0.3691,0.2888,0.3092333,298.531428571,300.071428571,294.861428571,309.3,29.0,83.05,34.59,10.6571428571,27.35,13.225,36.2,20.4,8.1
iq,2008,37,2008-09-09,0.2319,0.27625,0.2612,0.2327833,296.921428571,298.242857143,295.484285714,305.9,59.1,92.6528571429,86.14,7.685714285710001,27.9666666667,12.583333333299999,36.2,20.8,16.5
iq,2008,38,2008-09-16,0.2168,0.2773333,0.20893330000000002,0.3362667,297.588571429,298.428571429,295.30714285700003,306.7,53.5,88.52571428569999,65.43,8.57142857143,27.8,11.6,35.6,20.7,50.1
iq,2008,39,2008-09-23,0.41495,0.36342859999999994,0.3224,0.4006857,297.66,298.62142857099997,295.49,309.3,63.27,90.18142857139999,61.38,8.15714285714,27.75,12.45,37.0,20.8,26.9
iq,2008,40,2008-09-30,0.3930857,0.37827140000000004,0.3437,0.4048429,299.178571429,301.15,294.761428571,310.2,121.3,79.5028571429,24.28,12.7857142857,27.18578337208988,8.059328008627128,36.0,19.6,1.0
iq,2008,41,2008-10-07,0.1605571,0.1638714,0.19493329999999998,0.2061143,300.101428571,301.407142857,295.361428571,310.4,53.9,78.4542857143,69.47,12.014285714300001,30.0333333333,13.9666666667,37.0,21.5,57.7
iq,2008,42,2008-10-14,0.2882,0.22785709999999998,0.2807571,0.35797140000000005,298.35,299.9,295.91571428599997,310.5,67.9,88.85714285709999,69.39,9.97142857143,26.45,9.1,34.7,21.0,24.9
iq,2008,43,2008-10-21,0.3291571,0.2279,0.2733429,0.2568429,297.86714285700003,298.98571428599996,296.701428571,305.0,111.9,93.8542857143,52.65,8.71428571429,27.3333333333,10.0666666667,35.5,21.5,24.2
iq,2008,44,2008-10-28,0.1617429,0.1962,0.1982714,0.2196143,298.372857143,299.8,296.825714286,308.5,149.1,92.6085714286,43.6,8.57142857143,27.4,11.35,35.0,21.2,0.0
iq,2008,45,2008-11-04,0.5010286,0.445,0.4276857,0.5457286,298.464285714,299.528571429,297.468571429,307.2,107.48,95.29,57.85,7.085714285710001,27.82,12.1,35.6,21.2,109.0
iq,2008,46,2008-11-11,0.3042857,0.2946429,0.3062714,0.4003857,298.49857142900004,300.221428571,296.01,309.6,63.9,88.3285714286,60.36,10.0142857143,28.3,12.8666666667,36.0,20.5,42.6
iq,2008,47,2008-11-18,0.1930571,0.1965286,0.17625710000000003,0.1830571,298.89,300.30714285700003,297.741428571,307.2,199.52,94.1414285714,59.44,7.814285714289999,27.9666666667,12.1,34.5,21.7,10.6
iq,2008,48,2008-11-25,0.2510143,0.2883143,0.2537,0.3213,298.53,299.721428571,297.577142857,306.1,90.68,95.26,81.11,7.1,26.1,8.35,33.5,21.0,59.0
iq,2008,49,2008-12-02,0.1643667,0.19635,0.1731333,0.15491670000000002,298.111428571,299.12857142900003,297.044285714,305.2,139.55,94.64,45.03,7.1428571428600005,26.96,10.64,33.7,21.0,80.0
iq,2008,50,2008-12-09,0.28941669999999997,0.34778000000000003,0.2748286,0.2580857,298.651428571,300.214285714,296.182857143,308.9,53.25,88.5514285714,64.03,9.2,27.8,11.175,35.0,21.2,17.2
iq,2008,51,2008-12-16,0.1783857,0.2191714,0.2497286,0.1923,298.528571429,300.257142857,296.847142857,306.3,57.61,91.77714285709999,70.92,9.05714285714,27.825,12.15,35.0,20.5,51.0
iq,2008,52,2008-12-23,0.2634125,0.219875,0.2000875,0.226625,299.55714285700003,300.771428571,295.594285714,308.3,41.6,81.86857142859999,55.11,10.3428571429,28.08,12.02,35.4,21.2,0.5
iq,2009,1,2009-01-01,0.15128570000000002,0.16168570000000002,0.1532714,0.11944289999999999,298.7018524007227,299.22557794902906,295.2463564512932,303.42710926694326,40.15181881051176,82.161959098991,45.760388080388076,4.903754198774744,27.18578337208988,8.059328008627128,32.452437325905294,22.10214979195562,39.32635983263598
iq,2009,2,2009-01-08,0.2299167,0.12234,0.2611667,0.22305,297.72571428599997,299.007142857,296.784285714,304.6,93.55,95.22285714290001,52.28,7.5,27.2666666667,11.1,34.8,21.1,86.1
iq,2009,3,2009-01-15,0.1884857,0.1881857,0.2039143,0.2775,296.682857143,297.414285714,296.418571429,304.0,149.77,98.61,72.03,3.7142857142900003,27.18,10.24,33.3,21.1,72.8
iq,2009,4,2009-01-22,0.18845710000000002,0.19931429999999997,0.2027,0.2139286,296.55,297.51428571400004,295.137142857,303.5,53.81,92.46714285709999,76.16,6.485714285709999,27.5666666667,10.7,34.0,21.8,11.2
iq,2009,5,2009-01-29,0.16673329999999997,0.17373329999999998,0.19043329999999997,0.16171670000000002,297.495714286,298.8,296.51428571400004,304.4,66.1,94.92857142860001,118.54,8.14285714286,27.65,11.65,33.9,21.1,67.8
iq,2009,6,2009-02-05,0.2799143,0.2402857,0.1957286,0.3076571,297.405714286,298.19285714299997,296.84,302.7,93.3,97.00714285709999,149.06,5.18571428571,27.4666666667,12.333333333299999,35.0,21.0,44.1
iq,2009,7,2009-02-12,0.1702714,0.15111429999999998,0.1404714,0.1429714,297.32285714299996,298.471428571,296.194285714,305.7,48.72,94.2342857143,60.51,7.17142857143,28.1,12.333333333299999,35.0,21.2,14.0
iq,2009,8,2009-02-19,0.18878570000000003,0.15945710000000002,0.1568714,0.20298570000000002,297.685714286,299.01428571400004,296.254285714,306.7,124.0,92.9057142857,124.8,6.82857142857,27.7,12.54,35.0,20.5,111.4
iq,2009,9,2009-02-26,0.28236,0.3051167,0.2940833,0.3160167,297.391428571,298.864285714,296.494285714,306.6,102.72,95.12142857139999,147.44,7.07142857143,26.58,10.52,33.2,20.5,84.1
iq,2009,10,2009-03-05,0.36207140000000004,0.3367,0.3453,0.3792857,297.844285714,299.0,296.71,304.6,87.28,94.37857142860001,58.56,6.8,28.4,11.45,35.0,21.0,49.1
iq,2009,11,2009-03-12,0.20342860000000001,0.1784429,0.2259714,0.2018714,297.05857142900004,298.01428571400004,296.715714286,304.0,108.83,98.1342857143,97.8,6.02857142857,27.3,11.8,33.8,21.0,0.0
iq,2009,12,2009-03-19,0.15788329999999998,0.1921,0.21372860000000002,0.20138570000000003,297.36571428599996,298.25,296.5,304.6,66.83,95.70857142860001,106.68,6.18571428571,27.8,10.5,33.7,21.0,14.3
iq,2009,13,2009-03-26,0.2235857,0.2591333,0.2632857,0.3057857,297.152857143,298.321428571,296.184285714,303.3,49.93,94.9028571429,100.78,6.3571428571399995,28.5,11.5,34.4,21.5,45.0
iq,2009,14,2009-04-02,0.08905714,0.05895,0.08927143,0.09934286,297.245714286,298.385714286,296.54571428599996,304.5,63.3,96.3957142857,131.17,6.74285714286,27.95,10.9,34.2,21.7,19.0
iq,2009,15,2009-04-09,0.1468429,0.1416571,0.14118570000000003,0.1487714,297.89,298.9,295.804285714,306.8,50.64,89.67285714290001,133.47,9.02857142857,27.133333333299998,10.8666666667,35.0,21.0,134.9
iq,2009,16,2009-04-16,0.2236,0.1788286,0.175,0.2161429,296.635714286,297.62142857099997,296.135714286,304.7,74.5,97.3,99.77,6.38571428571,26.9,10.833333333299999,33.0,21.2,87.3
iq,2009,17,2009-04-23,0.19534289999999999,0.2856714,0.16118570000000002,0.20238570000000003,297.54571428599996,298.278571429,296.887142857,303.6,62.74,96.66428571430001,52.74,4.985714285709999,26.8,8.7,34.4,21.2,41.2
iq,2009,18,2009-04-30,0.2835857,0.3455143,0.2374429,0.3161286,297.404285714,298.321428571,296.448571429,303.6,93.8,95.0785714286,99.89,6.27142857143,27.15,10.75,34.0,21.0,30.8
iq,2009,19,2009-05-07,0.1907571,0.2645571,0.2538857,0.2192,297.562857143,298.542857143,296.484285714,306.8,59.5,95.1,30.73,7.1428571428600005,28.1,10.5,35.0,22.0,44.0
iq,2009,20,2009-05-14,0.2077429,0.22785709999999998,0.2542,0.2160429,297.607142857,299.007142857,296.271428571,306.5,46.43,93.29857142860001,38.51,9.07142857143,28.075,11.425,35.0,22.0,11.2
iq,2009,21,2009-05-21,0.3312143,0.2172,0.2093857,0.3445143,297.724285714,299.521428571,296.012857143,307.1,39.89,91.79,66.46,10.0714285714,28.35,11.45,34.6,21.4,50.5
iq,2009,22,2009-05-28,0.2383429,0.1973167,0.1655,0.19014289999999998,296.70428571400004,297.521428571,296.26428571400004,305.1,73.0,97.74285714290001,40.04,5.61428571429,27.6,10.266666666699999,34.4,21.0,19.3
iq,2009,23,2009-06-04,0.114,0.09244286,0.09747143,0.1262857,296.125714286,296.778571429,295.267142857,302.5,53.91,95.50714285709999,42.22,6.07142857143,28.1,11.8,34.0,22.2,39.32635983263598
iq,2009,24,2009-06-11,0.1871286,0.1578,0.1434571,0.1994714,295.104285714,295.778571429,293.91,305.2,112.31,94.13,8.74,6.24285714286,24.6666666667,8.63333333333,33.5,20.0,23.9
iq,2009,25,2009-06-18,0.2916714,0.3070286,0.35622859999999995,0.3891143,296.031428571,297.314285714,294.862857143,305.2,45.97,93.9714285714,43.32,7.714285714289999,27.05,10.9,33.5,19.4,21.0
iq,2009,26,2009-06-25,0.2708,0.2051833,0.2401286,0.2001571,297.217142857,298.521428571,296.11,305.6,66.41,94.55571428569999,141.65,8.64285714286,27.375,11.125,33.4,21.2,40.6
iq,2009,27,2009-07-02,0.18685710000000003,0.17691429999999997,0.2230714,0.2189857,296.452857143,297.821428571,295.357142857,304.6,55.5,94.53857142860001,68.15,8.64285714286,27.45,10.7,33.4,21.4,14.0
iq,2009,28,2009-07-09,0.3859143,0.2903833,0.33642859999999997,0.2927857,296.065714286,296.992857143,295.167142857,306.2,39.67,95.38571428569999,91.4,8.12857142857,27.6,10.7666666667,33.4,21.6,2.0
iq,2009,29,2009-07-16,0.21965,0.37805,0.2238714,0.2659,296.527142857,297.664285714,295.411428571,306.8,40.1,94.6242857143,65.19,7.27142857143,26.825,10.425,34.5,21.3,38.9
iq,2009,30,2009-07-23,0.20788330000000002,0.28085,0.1756,0.2616,296.525714286,297.964285714,294.052857143,306.7,12.93,88.23,35.82,9.52857142857,26.95,10.25,32.2,21.0,20.4
iq,2009,31,2009-07-30,0.15435710000000002,0.1152714,0.1534571,0.1559,297.087142857,298.23571428599996,295.04571428599996,307.9,39.3,89.9714285714,51.77,9.75714285714,27.0,11.5,33.5,20.5,32.0
iq,2009,32,2009-08-06,0.395,0.3527333,0.4842857,0.4019143,297.37,298.87857142900003,294.82428571400004,307.9,34.4,87.8114285714,9.79,11.7571428571,27.975,12.1,35.4,20.5,39.32635983263598
iq,2009,33,2009-08-13,0.3308857,0.4083,0.4433571,0.33477140000000005,298.357142857,299.98571428599996,295.507142857,308.2,43.2,87.11,35.23,11.3428571429,27.7,11.5,33.4,21.0,20.1
iq,2009,34,2009-08-20,0.2206286,0.1943571,0.2785714,0.2604571,298.67714285700004,300.107142857,294.708571429,309.3,25.3,80.64,6.52,10.9285714286,28.32,12.86,36.2,21.2,1.0
iq,2009,35,2009-08-27,0.2453429,0.18598570000000003,0.18134289999999997,0.2820571,298.99714285700003,300.921428571,296.444285714,310.4,45.34,88.1771428571,95.83,11.7857142857,29.0,13.0,36.2,22.0,27.2
iq,2009,36,2009-09-03,0.5083571,0.4544286,0.5383143,0.5148286,297.388571429,298.45,296.388571429,305.0,78.37,94.99285714290001,83.02,7.6428571428600005,27.6,13.2,34.2,21.0,47.5
iq,2009,37,2009-09-10,0.18961670000000003,0.192,0.2368143,0.2696857,299.85571428599997,300.75,294.314285714,310.0,9.3,75.2328571429,13.74,13.042857142899999,29.1666666667,14.1333333333,37.4,21.4,6.1
iq,2009,38,2009-09-17,0.26632,0.3133667,0.1956571,0.30707140000000005,299.47,300.814285714,294.61857142900004,310.0,23.01,78.11857142859999,40.17,11.6,28.85,12.75,37.2,20.4,0.8
iq,2009,39,2009-09-24,0.29431430000000003,0.27067140000000006,0.30207140000000005,0.2540143,299.32428571400004,301.028571429,295.827142857,309.8,33.0,83.7628571429,78.68,11.0,28.866666666700002,13.3,37.0,21.0,8.1
iq,2009,40,2009-10-01,0.2063,0.2552571,0.2799571,0.20665709999999998,298.034285714,299.571428571,296.344285714,307.4,79.1,91.5757142857,57.18,8.514285714289999,27.95,12.225,35.2,20.5,33.1
iq,2009,41,2009-10-08,0.2322714,0.2725,0.2715714,0.2853857,298.707142857,300.12857142900003,296.56142857099996,308.3,43.94,89.31,20.58,9.28571428571,27.64,11.66,34.8,21.0,29.4
iq,2009,42,2009-10-15,0.2974143,0.2821714,0.2559286,0.3197857,299.737142857,301.0,295.35,311.3,18.1,79.2228571429,30.49,11.885714285699999,27.75,10.65,34.2,21.2,11.2
iq,2009,43,2009-10-22,0.2968,0.3084857,0.3623,0.3616571,298.85571428599997,300.285714286,296.918571429,307.2,67.4,90.65714285709998,82.59,8.57142857143,27.7333333333,12.2,35.3,21.0,137.1
iq,2009,44,2009-10-29,0.2907571,0.23795,0.3176857,0.2616,298.678571429,300.071428571,297.44285714299997,310.8,84.54,93.8085714286,77.38,8.34285714286,27.8,11.32,35.2,21.0,11.2
iq,2009,45,2009-11-05,0.38867140000000006,0.3728167,0.2499,0.3730143,299.161428571,300.478571429,297.14,309.7,47.31,90.3728571429,45.79,10.185714285700001,29.866666666700002,12.7333333333,36.8,21.2,3.5
iq,2009,46,2009-11-12,0.3688714,0.3799571,0.38002859999999994,0.46792860000000003,300.321428571,301.785714286,296.92571428599996,308.7,31.65,84.3114285714,96.23,10.457142857100001,28.94,11.96,35.3,21.9,88.2
iq,2009,47,2009-11-19,0.40705,0.3351,0.3665,0.38935,300.48571428599996,301.75,296.108571429,311.0,47.0,80.7871428571,29.72,11.9285714286,28.9,12.333333333299999,36.2,22.3,39.1
iq,2009,48,2009-11-26,0.3361143,0.2877667,0.3254571,0.3576,299.455714286,300.614285714,297.22571428599997,308.7,60.7,89.5942857143,38.17,8.71428571429,28.4333333333,11.833333333299999,36.2,21.8,17.0
iq,2009,49,2009-12-03,0.34852859999999997,0.2904,0.4106143,0.3704571,298.762857143,299.935714286,296.97,308.9,134.43,91.70857142860001,73.45,7.75714285714,28.025,10.375,35.3,22.2,49.0
iq,2009,50,2009-12-10,0.1922,0.1935286,0.2398857,0.2858857,299.198571429,300.678571429,296.595714286,308.6,49.32,87.75285714290001,85.62,10.4428571429,28.55,11.0,35.2,21.2,41.9
iq,2009,51,2009-12-17,0.2176,0.2403,0.1817714,0.2623,298.347142857,299.35,296.905714286,307.5,208.87,92.95857142860001,81.21,6.67142857143,28.2,11.125,35.6,22.0,54.1
iq,2009,52,2009-12-24,0.21042220000000003,0.2571375,0.2211333,0.30025559999999996,297.18142857099997,298.185714286,296.55714285700003,302.9,66.3,96.88571428569999,98.79,5.25714285714,27.2,8.2,32.2,21.8,31.2
iq,2010,53,2010-01-01,0.1422935374167987,0.13055257610470083,0.20378318902580195,0.20230549071129708,298.7018524007227,299.22557794902906,295.2463564512932,303.42710926694326,40.15181881051176,82.161959098991,45.760388080388076,4.903754198774744,27.18578337208988,8.059328008627128,32.452437325905294,22.10214979195562,39.32635983263598
iq,2010,1,2010-01-08,0.1245714,0.1791286,0.16384289999999999,0.1354714,299.26428571400004,300.521428571,294.53,308.6,8.5,78.27142857140001,27.04,11.1,28.6,12.3,35.1,21.8,39.32635983263598
iq,2010,2,2010-01-15,0.14528570000000002,0.14231429999999998,0.1353,0.1675286,298.297142857,299.935714286,296.147142857,308.0,144.6,89.80714285709999,32.99,9.15714285714,27.8333333333,11.3,34.2,22.1,15.0
iq,2010,3,2010-01-22,0.2521143,0.2304857,0.1873286,0.3027857,298.92571428599996,300.457142857,296.38,307.8,31.2,87.6414285714,19.04,8.62857142857,28.9666666667,11.2666666667,35.2,22.5,0.8
iq,2010,4,2010-01-29,0.26327140000000004,0.2306,0.2188714,0.2612857,298.291428571,299.614285714,296.56,308.3,65.76,91.79857142860001,138.51,7.685714285710001,27.8,10.52,35.3,22.4,166.0
iq,2010,5,2010-02-05,0.1701,0.1421167,0.1179143,0.1393429,298.754285714,300.342857143,296.837142857,306.1,95.83,90.64857142860001,47.31,8.31428571429,27.8,9.26666666667,34.2,22.0,62.3
iq,2010,6,2010-02-12,0.2307571,0.1892571,0.1634857,0.23887139999999998,298.25142857099996,299.678571429,297.56857142900003,306.2,172.7,96.5157142857,78.25,6.32857142857,27.0,8.3,33.2,22.9,14.5
iq,2010,7,2010-02-19,0.2933,0.2478286,0.2066286,0.26667140000000006,299.648571429,300.95,297.09,309.2,54.2,88.3657142857,32.19,9.41428571429,27.3,11.8,35.5,21.4,60.9
iq,2010,8,2010-02-26,0.3036571,0.2600571,0.22548569999999998,0.3333143,298.917142857,300.48571428599996,297.928571429,308.2,288.4,94.91571428569999,84.67,8.17142857143,28.02,10.36,35.4,21.4,29.9
iq,2010,9,2010-03-05,0.1273167,0.18116,0.1204667,0.14276670000000002,298.337142857,299.664285714,297.917142857,306.3,144.98,97.7,80.58,6.24285714286,28.5,9.9,35.4,21.2,9.9
iq,2010,10,2010-03-12,0.31172859999999997,0.2926857,0.2725857,0.3948,298.837142857,300.092857143,298.141428571,306.9,86.1,96.25,57.78,8.81428571429,28.55,10.05,35.4,21.4,44.5
iq,2010,11,2010-03-19,0.2946,0.2509714,0.28147140000000004,0.3416429,299.19142857099996,300.928571429,298.45,307.4,191.76,96.1242857143,121.2,8.82857142857,30.0,12.0,36.0,22.0,22.9
iq,2010,12,2010-03-26,0.2662857,0.3012333,0.29600000000000004,0.29574290000000003,299.004285714,300.3,297.555714286,307.9,214.9,93.08285714290001,51.29,8.02857142857,27.4666666667,9.333333333330001,34.5,21.0,20.0
iq,2010,13,2010-04-02,0.14143329999999998,0.2047286,0.2509714,0.14524289999999998,299.00285714299997,300.714285714,296.56857142900003,309.1,24.25,88.7071428571,49.8,9.514285714289999,27.9333333333,12.3,35.3,21.0,16.0
iq,2010,14,2010-04-09,0.2428429,0.2727571,0.2022714,0.2601143,299.11571428599996,300.271428571,298.161428571,308.4,164.7,95.1828571429,93.76,7.714285714289999,29.2,12.3,35.4,22.5,39.32635983263598
iq,2010,15,2010-04-16,0.1576857,0.15661429999999998,0.1840143,0.13588570000000003,298.305714286,299.55714285700003,297.00285714299997,307.3,150.8,93.6557142857,17.33,7.22857142857,27.15,9.6,33.0,21.2,18.0
iq,2010,16,2010-04-23,0.2314857,0.2946857,0.3316571,0.2444,298.43857142900004,299.507142857,297.678571429,304.7,81.4,95.9957142857,86.7,7.75714285714,27.85,9.6,33.5,22.5,51.1
iq,2010,17,2010-04-30,0.2397429,0.2592714,0.3077857,0.3079429,299.048571429,300.028571429,296.468571429,308.4,23.6,87.65714285709998,26.0,8.25714285714,28.85,12.125,36.2,21.4,35.4
iq,2010,18,2010-05-07,0.2608143,0.2557857,0.2577714,0.3402857,297.61714285700003,298.585714286,296.97571428599997,304.7,85.46,96.7128571429,73.97,5.71428571429,27.6,9.6,33.2,21.4,8.1
iq,2010,19,2010-05-14,0.16868570000000002,0.1585,0.1330714,0.1456,297.278571429,297.935714286,296.738571429,306.0,87.3,97.44571428569999,59.4,6.18571428571,27.4,10.4,33.7,21.2,32.0
iq,2010,20,2010-05-21,0.26307140000000007,0.2725,0.2582714,0.2445,297.648571429,298.707142857,293.227142857,308.7,8.8,78.9985714286,1.15,11.2428571429,25.633333333299998,9.2,34.0,20.0,2.5
iq,2010,21,2010-05-28,0.34275,0.3189,0.2563429,0.2925143,299.33428571400003,300.771428571,296.825714286,309.7,45.0,88.7657142857,55.3,9.8,28.633333333299998,11.933333333299998,35.4,22.4,27.0
iq,2010,22,2010-06-04,0.16015710000000002,0.1603714,0.1360429,0.2256571,298.33,299.392857143,296.452857143,308.5,207.1,91.6,86.47,7.47142857143,27.4333333333,10.5,34.7,21.7,36.6
iq,2010,23,2010-06-11,0.2470571,0.14605710000000002,0.2503571,0.2337143,296.598571429,297.592857143,295.50142857099996,305.5,50.6,94.28,58.94,7.5,24.4,6.9,32.2,19.2,7.4
iq,2010,24,2010-06-18,0.3339143,0.2457714,0.2788857,0.3254857,296.345714286,297.521428571,295.32428571400004,306.1,62.33,94.66,59.67,7.87142857143,25.4333333333,8.73333333333,31.2,21.0,16.0
iq,2010,25,2010-06-25,0.2981857,0.2329714,0.2742143,0.3157571,298.097142857,299.835714286,295.80714285700003,307.8,36.9,89.08285714290001,63.22,11.014285714300001,27.475,9.9,33.7,22.2,20.4
